
CREATE TABLE IF NOT EXISTS `authorization` (
  `id_authorization` int(3) NOT NULL AUTO_INCREMENT,
  `user` varchar(100) NOT NULL,
  `password` varchar(100) NOT NULL,
  PRIMARY KEY (`id_authorization`)
);

INSERT INTO `authorization` (`id_authorization`, `user`, `password`) VALUES
(1, 'academicworker', '63a9f0ea7bb98050796b649e85481845'),
(2, 'secretary', 'ff9830c42660c1dd1942844f8069b74a');

CREATE TABLE IF NOT EXISTS `academicrecord` (
  `id_schoolchild` int(3) NOT NULL,
  `id_subject` int(2) NOT NULL,
  `id_academicrecord` int(2) NOT NULL AUTO_INCREMENT,
  `id_academicyear` int(2) NOT NULL,
  `id_mark` int(2) NOT NULL,
  `mark` int(1) NOT NULL,
  PRIMARY KEY (`id_academicrecord`),
  KEY `mark` (`mark`),
  KEY `id_mark` (`id_mark`),
  KEY `id_academicrecord` (`id_academicrecord`),
  KEY `id_academicyear` (`id_academicyear`),
  KEY `id_subject` (`id_subject`),
  KEY `id_schoolchild` (`id_schoolchild`)
);

INSERT INTO `academicrecord` (`id_schoolchild`, `id_subject`, `id_academicrecord`, `id_academicyear`, `id_mark`, `mark`) VALUES
(1, 1, 1, 1, 5, 5),
(1, 1, 2, 1, 6, 5),
(1, 1, 3, 1, 7, 5),
(1, 1, 4, 1, 8, 5),
(2, 1, 5, 1, 5, 4),
(2, 1, 6, 1, 6, 4),
(2, 1, 7, 1, 7, 4),
(2, 1, 8, 1, 8, 4),
(3, 1, 9, 1, 5, 4),
(3, 1, 10, 1, 6, 3),
(3, 1, 11, 1, 7, 4),
(3, 1, 12, 1, 8, 4),
(4, 1, 13, 1, 5, 5),
(4, 1, 14, 1, 6, 4),
(4, 1, 15, 1, 7, 5),
(4, 1, 16, 1, 8, 4),
(5, 1, 17, 1, 5, 3),
(5, 1, 18, 1, 6, 5),
(5, 1, 19, 1, 7, 4),
(5, 1, 20, 1, 8, 4),
(6, 1, 21, 1, 5, 3),
(6, 1, 22, 1, 6, 3),
(6, 1, 23, 1, 7, 3),
(6, 1, 24, 1, 8, 3),
(7, 1, 25, 1, 5, 5),
(7, 1, 26, 1, 6, 5),
(7, 1, 27, 1, 7, 5),
(7, 1, 28, 1, 8, 5),
(8, 1, 29, 1, 5, 4),
(8, 1, 30, 1, 6, 4),
(8, 1, 31, 1, 7, 4),
(8, 1, 32, 1, 8, 5),
(9, 1, 33, 1, 5, 4),
(9, 1, 34, 1, 6, 5),
(9, 1, 35, 1, 7, 5),
(9, 1, 36, 1, 8, 5),
(10, 1, 37, 1, 5, 4),
(10, 1, 38, 1, 6, 4),
(10, 1, 39, 1, 7, 4),
(10, 1, 40, 1, 8, 3),
(11, 1, 41, 1, 5, 5),
(11, 1, 42, 1, 6, 5),
(11, 1, 43, 1, 7, 5),
(12, 1, 44, 1, 5, 5),
(12, 1, 45, 1, 6, 5),
(12, 1, 46, 1, 7, 5),
(13, 1, 47, 1, 5, 4),
(13, 1, 48, 1, 6, 4),
(13, 1, 49, 1, 7, 4),
(14, 1, 50, 1, 5, 3),
(14, 1, 51, 1, 6, 3),
(14, 1, 52, 1, 7, 3),
(15, 1, 53, 1, 5, 4),
(15, 1, 54, 1, 6, 5),
(16, 1, 55, 1, 7, 5),
(17, 1, 56, 1, 5, 3),
(17, 1, 57, 1, 6, 4),
(17, 1, 58, 1, 7, 4),
(18, 1, 59, 1, 5, 3),
(19, 1, 60, 1, 6, 5),
(19, 1, 61, 1, 7, 4),
(20, 1, 62, 1, 5, 5),
(20, 1, 63, 1, 6, 5),
(20, 1, 64, 1, 7, 5),
(21, 1, 65, 1, 1, 5),
(21, 1, 66, 1, 2, 5),
(21, 1, 67, 1, 3, 5),
(21, 1, 68, 1, 4, 5),
(21, 1, 69, 1, 7, 5),
(21, 1, 70, 1, 8, 5),
(22, 1, 71, 1, 1, 4),
(22, 1, 72, 1, 2, 4),
(22, 1, 73, 1, 3, 4),
(22, 1, 74, 1, 4, 5),
(22, 1, 75, 1, 7, 4),
(22, 1, 76, 1, 8, 4),
(23, 1, 77, 1, 1, 3),
(23, 1, 78, 1, 2, 3),
(23, 1, 79, 1, 3, 3),
(23, 1, 80, 1, 4, 3),
(23, 1, 81, 1, 7, 3),
(23, 1, 82, 1, 8, 3),
(24, 1, 83, 1, 1, 4),
(24, 1, 84, 1, 2, 3),
(24, 1, 85, 1, 3, 4),
(24, 1, 86, 1, 4, 5),
(24, 1, 87, 1, 7, 4),
(24, 1, 88, 1, 8, 5),
(25, 1, 89, 1, 1, 4),
(25, 1, 90, 1, 2, 4),
(26, 1, 91, 1, 3, 3),
(25, 1, 92, 1, 4, 3),
(25, 1, 93, 1, 7, 4),
(25, 1, 94, 1, 8, 4),
(26, 1, 95, 1, 1, 5),
(26, 1, 96, 1, 2, 5),
(26, 1, 97, 1, 3, 5),
(26, 1, 98, 1, 4, 5),
(26, 1, 99, 1, 7, 5),
(26, 1, 100, 1, 8, 5),
(27, 1, 101, 1, 1, 4),
(27, 1, 102, 1, 2, 5),
(27, 1, 103, 1, 3, 5),
(27, 1, 104, 1, 4, 5),
(27, 1, 105, 1, 7, 5),
(27, 1, 106, 1, 8, 4),
(28, 1, 107, 1, 1, 4),
(28, 1, 108, 1, 2, 3),
(28, 1, 109, 1, 3, 3),
(28, 1, 110, 1, 4, 4),
(28, 1, 111, 1, 7, 4),
(28, 1, 112, 1, 8, 3),
(29, 1, 113, 1, 1, 5),
(29, 1, 114, 1, 2, 5),
(29, 1, 115, 1, 3, 4),
(29, 1, 116, 1, 4, 5),
(29, 1, 117, 1, 7, 5),
(29, 1, 118, 1, 8, 5),
(30, 1, 119, 1, 1, 4),
(30, 1, 120, 1, 2, 4),
(30, 1, 121, 1, 3, 4),
(30, 1, 122, 1, 4, 4),
(30, 1, 123, 1, 7, 4),
(30, 1, 124, 1, 8, 5),
(1, 2, 125, 1, 5, 5),
(1, 2, 126, 1, 6, 5),
(1, 2, 127, 1, 7, 5),
(2, 2, 128, 1, 5, 5),
(2, 2, 129, 1, 6, 4),
(2, 2, 130, 1, 7, 4),
(3, 2, 131, 1, 5, 4),
(3, 2, 132, 1, 6, 3),
(3, 2, 133, 1, 7, 4),
(4, 2, 134, 1, 5, 5),
(4, 2, 135, 1, 6, 4),
(4, 2, 136, 1, 7, 5),
(5, 2, 137, 1, 5, 3),
(5, 2, 138, 1, 6, 4),
(5, 2, 139, 1, 7, 4),
(6, 2, 140, 1, 5, 3),
(6, 2, 141, 1, 6, 3),
(6, 2, 142, 1, 7, 3),
(7, 2, 143, 1, 5, 5),
(7, 2, 144, 1, 6, 5),
(7, 2, 145, 1, 7, 5),
(8, 2, 146, 1, 5, 4),
(8, 2, 147, 1, 6, 4),
(8, 2, 148, 1, 7, 4),
(9, 2, 149, 1, 5, 5),
(9, 2, 150, 1, 6, 4),
(9, 2, 151, 1, 7, 5),
(10, 2, 152, 1, 5, 4),
(10, 2, 153, 1, 6, 4),
(10, 2, 154, 1, 7, 4),
(1, 3, 155, 1, 5, 5),
(1, 3, 156, 1, 6, 5),
(1, 3, 157, 1, 7, 5),
(2, 3, 158, 1, 5, 5),
(2, 3, 159, 1, 6, 5),
(2, 3, 160, 1, 7, 5),
(3, 3, 161, 1, 5, 5),
(3, 3, 162, 1, 6, 5),
(3, 3, 163, 1, 7, 5),
(4, 3, 164, 1, 5, 5),
(4, 3, 165, 1, 6, 5),
(4, 3, 166, 1, 7, 5),
(5, 3, 167, 1, 5, 5),
(5, 3, 168, 1, 6, 5),
(5, 3, 169, 1, 7, 5),
(6, 3, 170, 1, 5, 5),
(6, 3, 171, 1, 6, 5),
(6, 3, 172, 1, 7, 5),
(7, 3, 173, 1, 5, 5),
(7, 3, 174, 1, 6, 5),
(7, 3, 175, 1, 7, 5),
(8, 3, 176, 1, 5, 5),
(8, 3, 177, 1, 6, 5),
(8, 3, 178, 1, 7, 5),
(9, 3, 179, 1, 5, 5),
(9, 3, 180, 1, 6, 5),
(9, 3, 181, 1, 7, 5),
(10, 3, 182, 1, 5, 5),
(10, 3, 183, 1, 6, 5),
(10, 3, 184, 1, 7, 5),
(11, 3, 185, 1, 5, 5),
(11, 3, 186, 1, 6, 5),
(11, 3, 187, 1, 7, 5),
(12, 3, 188, 1, 5, 5),
(12, 3, 189, 1, 6, 5),
(12, 3, 190, 1, 7, 5),
(13, 3, 191, 1, 5, 5),
(13, 3, 192, 1, 6, 5),
(13, 3, 193, 1, 7, 5),
(14, 3, 194, 1, 5, 5),
(14, 3, 195, 1, 6, 5),
(14, 3, 196, 1, 7, 5),
(31, 1, 197, 1, 1, 5),
(31, 1, 198, 1, 2, 5),
(31, 1, 199, 1, 3, 3),
(31, 1, 200, 1, 4, 5),
(31, 1, 201, 1, 7, 5),
(32, 1, 202, 1, 1, 3),
(32, 1, 203, 1, 2, 5),
(32, 1, 204, 1, 3, 5),
(32, 1, 205, 1, 4, 5),
(32, 1, 206, 1, 7, 5),
(33, 1, 207, 1, 1, 4),
(33, 1, 208, 1, 2, 3),
(33, 1, 209, 1, 3, 4),
(33, 1, 210, 1, 4, 5),
(33, 1, 211, 1, 7, 4),
(34, 1, 212, 1, 1, 5),
(34, 1, 213, 1, 2, 4),
(34, 1, 214, 1, 3, 5),
(34, 1, 215, 1, 4, 3),
(34, 1, 216, 1, 7, 4),
(35, 1, 217, 1, 1, 3),
(35, 1, 218, 1, 2, 3),
(35, 1, 219, 1, 3, 3),
(35, 1, 220, 1, 4, 5),
(35, 1, 221, 1, 7, 4),
(36, 1, 222, 1, 1, 4),
(36, 1, 223, 1, 2, 4),
(36, 1, 224, 1, 3, 5),
(36, 1, 225, 1, 4, 4),
(36, 1, 226, 1, 7, 4),
(37, 1, 227, 1, 1, 3),
(37, 1, 228, 1, 2, 4),
(37, 1, 229, 1, 3, 3),
(37, 1, 230, 1, 4, 3),
(37, 1, 231, 1, 7, 3),
(38, 1, 232, 1, 1, 4),
(38, 1, 233, 1, 2, 5),
(38, 1, 234, 1, 3, 5),
(38, 1, 235, 1, 4, 4),
(38, 1, 236, 1, 7, 5),
(39, 1, 237, 1, 1, 5),
(39, 1, 238, 1, 2, 5),
(39, 1, 239, 1, 3, 5),
(39, 1, 240, 1, 4, 4),
(39, 1, 241, 1, 7, 5),
(40, 1, 242, 1, 1, 5),
(40, 1, 243, 1, 2, 5),
(40, 1, 244, 1, 3, 3),
(40, 1, 245, 1, 4, 4),
(40, 1, 246, 1, 7, 4),
(41, 1, 247, 1, 1, 5),
(41, 1, 248, 1, 2, 4),
(41, 1, 249, 1, 3, 4),
(41, 1, 250, 1, 4, 5),
(41, 1, 251, 1, 7, 5),
(42, 1, 252, 1, 1, 5),
(42, 1, 253, 1, 2, 5),
(42, 1, 254, 1, 3, 5),
(42, 1, 255, 1, 4, 4),
(42, 1, 256, 1, 7, 5),
(43, 1, 257, 1, 1, 3),
(43, 1, 258, 1, 2, 3),
(43, 1, 259, 1, 3, 4),
(43, 1, 260, 1, 4, 4),
(43, 1, 261, 1, 7, 4),
(44, 1, 262, 1, 1, 4),
(44, 1, 263, 1, 2, 4),
(44, 1, 264, 1, 3, 4),
(44, 1, 265, 1, 4, 4),
(44, 1, 266, 1, 7, 4),
(45, 1, 267, 1, 1, 5),
(45, 1, 268, 1, 2, 4),
(45, 1, 269, 1, 3, 4),
(45, 1, 270, 1, 4, 4),
(45, 1, 271, 1, 7, 4),
(46, 1, 272, 1, 1, 4),
(46, 1, 273, 1, 2, 4),
(46, 1, 274, 1, 3, 3),
(46, 1, 275, 1, 4, 3),
(46, 1, 276, 1, 7, 4),
(47, 1, 277, 1, 1, 3),
(47, 1, 278, 1, 2, 4),
(47, 1, 279, 1, 3, 5),
(47, 1, 280, 1, 4, 4),
(47, 1, 281, 1, 7, 4),
(48, 1, 282, 1, 1, 5),
(48, 1, 283, 1, 2, 3),
(48, 1, 284, 1, 3, 5),
(48, 1, 285, 1, 4, 5),
(48, 1, 286, 1, 7, 5),
(49, 1, 287, 1, 1, 3),
(49, 1, 288, 1, 2, 3),
(49, 1, 289, 1, 3, 4),
(49, 1, 290, 1, 4, 4),
(49, 1, 291, 1, 7, 4),
(50, 1, 292, 1, 1, 5),
(50, 1, 293, 1, 2, 5),
(50, 1, 294, 1, 3, 3),
(50, 1, 295, 1, 4, 5),
(50, 1, 296, 1, 7, 5),
(51, 1, 297, 1, 1, 5),
(51, 1, 298, 1, 2, 5),
(51, 1, 299, 1, 3, 5),
(51, 1, 300, 1, 4, 5),
(51, 1, 301, 1, 7, 5),
(52, 1, 302, 1, 1, 4),
(52, 1, 303, 1, 2, 5),
(52, 1, 304, 1, 3, 5),
(52, 1, 305, 1, 4, 4),
(52, 1, 306, 1, 7, 5),
(53, 1, 307, 1, 1, 5),
(53, 1, 308, 1, 2, 5),
(53, 1, 309, 1, 3, 5),
(53, 1, 310, 1, 4, 5),
(53, 1, 311, 1, 7, 5),
(54, 1, 312, 1, 1, 4),
(54, 1, 313, 1, 2, 3),
(54, 1, 314, 1, 3, 4),
(54, 1, 315, 1, 4, 3),
(54, 1, 316, 1, 7, 4),
(55, 1, 317, 1, 1, 3),
(55, 1, 318, 1, 2, 3),
(55, 1, 319, 1, 3, 5),
(55, 1, 320, 1, 4, 5),
(55, 1, 321, 1, 7, 4),
(56, 1, 322, 1, 1, 3),
(56, 1, 323, 1, 2, 5),
(56, 1, 324, 1, 3, 5),
(56, 1, 325, 1, 4, 4),
(56, 1, 326, 1, 7, 4),
(57, 1, 327, 1, 1, 4),
(57, 1, 328, 1, 2, 4),
(57, 1, 329, 1, 3, 4),
(57, 1, 330, 1, 4, 4),
(57, 1, 331, 1, 7, 4),
(58, 1, 332, 1, 1, 5),
(58, 1, 333, 1, 2, 5),
(58, 1, 334, 1, 3, 4),
(58, 1, 335, 1, 4, 5),
(58, 1, 336, 1, 7, 5),
(59, 1, 337, 1, 1, 3),
(59, 1, 338, 1, 2, 3),
(59, 1, 339, 1, 3, 4),
(59, 1, 340, 1, 4, 3),
(59, 1, 341, 1, 7, 3),
(60, 1, 342, 1, 1, 5),
(60, 1, 343, 1, 2, 4),
(60, 1, 344, 1, 3, 4),
(60, 1, 345, 1, 4, 3),
(60, 1, 346, 1, 7, 4),
(61, 1, 347, 1, 1, 4),
(61, 1, 348, 1, 2, 3),
(61, 1, 349, 1, 3, 4),
(61, 1, 350, 1, 4, 5),
(61, 1, 351, 1, 7, 4),
(62, 1, 352, 1, 1, 4),
(62, 1, 353, 1, 2, 4),
(62, 1, 354, 1, 3, 5),
(62, 1, 355, 1, 4, 5),
(62, 1, 356, 1, 7, 5),
(63, 1, 357, 1, 1, 5),
(63, 1, 358, 1, 2, 3),
(63, 1, 359, 1, 3, 4),
(63, 1, 360, 1, 4, 5),
(63, 1, 361, 1, 7, 4),
(64, 1, 362, 1, 1, 4),
(64, 1, 363, 1, 2, 3),
(64, 1, 364, 1, 3, 4),
(64, 1, 365, 1, 4, 3),
(64, 1, 366, 1, 7, 4),
(65, 1, 367, 1, 1, 5),
(65, 1, 368, 1, 2, 5),
(65, 1, 369, 1, 3, 5),
(65, 1, 370, 1, 4, 4),
(65, 1, 371, 1, 7, 5),
(66, 1, 372, 1, 1, 3),
(66, 1, 373, 1, 2, 4),
(66, 1, 374, 1, 3, 3),
(66, 1, 375, 1, 4, 3),
(66, 1, 376, 1, 7, 3),
(67, 1, 377, 1, 1, 3),
(67, 1, 378, 1, 2, 3),
(67, 1, 379, 1, 3, 4),
(67, 1, 380, 1, 4, 4),
(67, 1, 381, 1, 7, 4),
(68, 1, 382, 1, 1, 5),
(68, 1, 383, 1, 2, 3),
(68, 1, 384, 1, 3, 4),
(68, 1, 385, 1, 4, 5),
(68, 1, 386, 1, 7, 4),
(69, 1, 387, 1, 1, 4),
(69, 1, 388, 1, 2, 5),
(69, 1, 389, 1, 3, 3),
(69, 1, 390, 1, 4, 3),
(69, 1, 391, 1, 7, 4),
(70, 1, 392, 1, 1, 5),
(70, 1, 393, 1, 2, 5),
(70, 1, 394, 1, 3, 5),
(70, 1, 395, 1, 4, 5),
(70, 1, 396, 1, 7, 5),
(1, 4, 397, 1, 5, 5),
(1, 4, 398, 1, 6, 5),
(1, 4, 399, 1, 7, 5),
(2, 4, 400, 1, 5, 4),
(2, 4, 401, 1, 6, 4),
(2, 4, 402, 1, 7, 4),
(3, 4, 403, 1, 5, 5),
(3, 4, 404, 1, 6, 5),
(3, 4, 405, 1, 7, 5),
(4, 4, 406, 1, 5, 4),
(4, 4, 407, 1, 6, 3),
(4, 4, 408, 1, 7, 4),
(5, 4, 409, 1, 5, 4),
(5, 4, 410, 1, 6, 4),
(5, 4, 411, 1, 7, 4),
(6, 4, 412, 1, 5, 3),
(6, 4, 413, 1, 6, 4),
(6, 4, 414, 1, 7, 4),
(7, 4, 415, 1, 5, 5),
(7, 4, 416, 1, 6, 4),
(7, 4, 417, 1, 7, 5),
(8, 4, 418, 1, 5, 5),
(8, 4, 419, 1, 6, 3),
(8, 4, 420, 1, 7, 4),
(9, 4, 421, 1, 5, 4),
(9, 4, 422, 1, 6, 5),
(9, 4, 423, 1, 7, 5),
(10, 4, 424, 1, 5, 5),
(10, 4, 425, 1, 6, 3),
(10, 4, 426, 1, 7, 4),
(11, 4, 427, 1, 5, 4),
(11, 4, 428, 1, 6, 3),
(11, 4, 429, 1, 7, 4),
(12, 4, 430, 1, 5, 4),
(12, 4, 431, 1, 6, 3),
(12, 4, 432, 1, 7, 4),
(13, 4, 433, 1, 5, 4),
(13, 4, 434, 1, 6, 5),
(13, 4, 435, 1, 7, 5),
(14, 4, 436, 1, 5, 4),
(14, 4, 437, 1, 6, 3),
(14, 4, 438, 1, 7, 4),
(15, 4, 439, 1, 5, 5),
(15, 4, 440, 1, 6, 4),
(15, 4, 441, 1, 7, 5),
(16, 4, 442, 1, 5, 4),
(16, 4, 443, 1, 6, 3),
(16, 4, 444, 1, 7, 4),
(17, 4, 445, 1, 5, 5),
(17, 4, 446, 1, 6, 5),
(17, 4, 447, 1, 7, 5),
(18, 4, 448, 1, 5, 4),
(18, 4, 449, 1, 6, 3),
(18, 4, 450, 1, 7, 4),
(19, 4, 451, 1, 5, 4),
(19, 4, 452, 1, 6, 4),
(19, 4, 453, 1, 7, 4),
(20, 4, 454, 1, 5, 5),
(20, 4, 455, 1, 6, 5),
(20, 4, 456, 1, 7, 5),
(21, 4, 457, 1, 1, 5),
(21, 4, 458, 1, 2, 5),
(21, 4, 459, 1, 3, 3),
(21, 4, 460, 1, 4, 3),
(21, 4, 461, 1, 7, 4),
(22, 4, 462, 1, 1, 5),
(22, 4, 463, 1, 2, 4),
(22, 4, 464, 1, 3, 5),
(22, 4, 465, 1, 4, 4),
(22, 4, 466, 1, 7, 5),
(23, 4, 467, 1, 1, 5),
(23, 4, 468, 1, 2, 4),
(23, 4, 469, 1, 3, 5),
(23, 4, 470, 1, 4, 5),
(23, 4, 471, 1, 7, 5),
(24, 4, 472, 1, 1, 4),
(24, 4, 473, 1, 2, 3),
(24, 4, 474, 1, 3, 4),
(24, 4, 475, 1, 4, 4),
(24, 4, 476, 1, 7, 4),
(25, 4, 477, 1, 1, 3),
(25, 4, 478, 1, 2, 5),
(25, 4, 479, 1, 3, 4),
(25, 4, 480, 1, 4, 4),
(25, 4, 481, 1, 7, 4),
(26, 4, 482, 1, 1, 4),
(26, 4, 483, 1, 2, 3),
(26, 4, 484, 1, 3, 4),
(26, 4, 485, 1, 4, 3),
(26, 4, 486, 1, 7, 4),
(27, 4, 487, 1, 1, 3),
(27, 4, 488, 1, 2, 5),
(27, 4, 489, 1, 3, 4),
(27, 4, 490, 1, 4, 4),
(27, 4, 491, 1, 7, 4),
(28, 4, 492, 1, 1, 4),
(28, 4, 493, 1, 2, 3),
(28, 4, 494, 1, 3, 3),
(28, 4, 495, 1, 4, 5),
(28, 4, 496, 1, 7, 4),
(29, 4, 497, 1, 1, 5),
(29, 4, 498, 1, 2, 3),
(29, 4, 499, 1, 3, 5),
(29, 4, 500, 1, 4, 5),
(29, 4, 501, 1, 7, 5),
(30, 4, 502, 1, 1, 3),
(30, 4, 503, 1, 2, 5),
(30, 4, 504, 1, 3, 4),
(30, 4, 505, 1, 4, 3),
(30, 4, 506, 1, 7, 4),
(31, 4, 507, 1, 1, 5),
(31, 4, 508, 1, 2, 5),
(31, 4, 509, 1, 3, 3),
(31, 4, 510, 1, 4, 5),
(31, 4, 511, 1, 7, 5),
(32, 4, 512, 1, 1, 3),
(32, 4, 513, 1, 2, 5),
(32, 4, 514, 1, 3, 5),
(32, 4, 515, 1, 4, 5),
(32, 4, 516, 1, 7, 5),
(33, 4, 517, 1, 1, 4),
(33, 4, 518, 1, 2, 3),
(33, 4, 519, 1, 3, 4),
(33, 4, 520, 1, 4, 5),
(33, 4, 521, 1, 7, 4),
(34, 4, 522, 1, 1, 5),
(34, 4, 523, 1, 2, 4),
(34, 4, 524, 1, 3, 5),
(34, 4, 525, 1, 4, 3),
(34, 4, 526, 1, 7, 4),
(35, 4, 527, 1, 1, 3),
(35, 4, 528, 1, 2, 3),
(35, 4, 529, 1, 3, 3),
(35, 4, 530, 1, 4, 5),
(35, 4, 531, 1, 7, 4),
(36, 4, 532, 1, 1, 4),
(36, 4, 533, 1, 2, 4),
(36, 4, 534, 1, 3, 5),
(36, 4, 535, 1, 4, 4),
(36, 4, 536, 1, 7, 4),
(37, 4, 537, 1, 1, 3),
(37, 4, 538, 1, 2, 4),
(37, 4, 539, 1, 3, 3),
(37, 4, 540, 1, 4, 3),
(37, 4, 541, 1, 7, 3),
(38, 4, 542, 1, 1, 4),
(38, 4, 543, 1, 2, 5),
(38, 4, 544, 1, 3, 5),
(38, 4, 545, 1, 4, 4),
(38, 4, 546, 1, 7, 5),
(39, 4, 547, 1, 1, 5),
(39, 4, 548, 1, 2, 5),
(39, 4, 549, 1, 3, 5),
(39, 4, 550, 1, 4, 4),
(39, 4, 551, 1, 7, 5),
(40, 4, 552, 1, 1, 5),
(40, 4, 553, 1, 2, 5),
(40, 4, 554, 1, 3, 3),
(40, 4, 555, 1, 4, 4),
(40, 4, 556, 1, 7, 4),
(41, 4, 557, 1, 1, 5),
(41, 4, 558, 1, 2, 4),
(41, 4, 559, 1, 3, 4),
(41, 4, 560, 1, 4, 5),
(41, 4, 561, 1, 7, 5),
(42, 4, 562, 1, 1, 5),
(42, 4, 563, 1, 2, 5),
(42, 4, 564, 1, 3, 5),
(42, 4, 565, 1, 4, 4),
(42, 4, 566, 1, 7, 5),
(43, 4, 567, 1, 1, 3),
(43, 4, 568, 1, 2, 3),
(43, 4, 569, 1, 3, 4),
(43, 4, 570, 1, 4, 4),
(43, 4, 571, 1, 7, 4),
(44, 4, 572, 1, 1, 4),
(44, 4, 573, 1, 2, 4),
(44, 4, 574, 1, 3, 4),
(44, 4, 575, 1, 4, 4),
(44, 4, 576, 1, 7, 4),
(45, 4, 577, 1, 1, 5),
(45, 4, 578, 1, 2, 4),
(45, 4, 579, 1, 3, 4),
(45, 4, 580, 1, 4, 4),
(45, 4, 581, 1, 7, 4),
(46, 4, 582, 1, 1, 4),
(46, 4, 583, 1, 2, 4),
(46, 4, 584, 1, 3, 3),
(46, 4, 585, 1, 4, 3),
(46, 4, 586, 1, 7, 4),
(47, 4, 587, 1, 1, 3),
(47, 4, 588, 1, 2, 4),
(47, 4, 589, 1, 3, 5),
(47, 4, 590, 1, 4, 4),
(47, 4, 591, 1, 7, 4),
(48, 4, 592, 1, 1, 5),
(48, 4, 593, 1, 2, 3),
(48, 4, 594, 1, 3, 5),
(48, 4, 595, 1, 4, 5),
(48, 4, 596, 1, 7, 5),
(49, 4, 597, 1, 1, 3),
(49, 4, 598, 1, 2, 3),
(49, 4, 599, 1, 3, 4),
(49, 4, 600, 1, 4, 4),
(49, 4, 601, 1, 7, 4),
(50, 4, 602, 1, 1, 5),
(50, 4, 603, 1, 2, 5),
(50, 4, 604, 1, 3, 3),
(50, 4, 605, 1, 4, 5),
(50, 4, 606, 1, 7, 5),
(51, 4, 607, 1, 1, 5),
(51, 4, 608, 1, 2, 5),
(51, 4, 609, 1, 3, 5),
(51, 4, 610, 1, 4, 5),
(51, 4, 611, 1, 7, 5),
(52, 4, 612, 1, 1, 4),
(52, 4, 613, 1, 2, 5),
(52, 4, 614, 1, 3, 5),
(52, 4, 615, 1, 4, 4),
(52, 4, 616, 1, 7, 5),
(53, 4, 617, 1, 1, 5),
(53, 4, 618, 1, 2, 5),
(53, 4, 619, 1, 3, 5),
(53, 4, 620, 1, 4, 5),
(53, 4, 621, 1, 7, 5),
(54, 4, 622, 1, 1, 4),
(54, 4, 623, 1, 2, 3),
(54, 4, 624, 1, 3, 4),
(54, 4, 625, 1, 4, 3),
(54, 4, 626, 1, 7, 4),
(55, 4, 627, 1, 1, 3),
(55, 4, 628, 1, 2, 3),
(55, 4, 629, 1, 3, 5),
(55, 4, 630, 1, 4, 5),
(55, 4, 631, 1, 7, 4),
(56, 4, 632, 1, 1, 3),
(56, 4, 633, 1, 2, 5),
(56, 4, 634, 1, 3, 5),
(56, 4, 635, 1, 4, 4),
(56, 4, 636, 1, 7, 4),
(57, 4, 637, 1, 1, 4),
(57, 4, 638, 1, 2, 4),
(57, 4, 639, 1, 3, 4),
(57, 4, 640, 1, 4, 4),
(57, 4, 641, 1, 7, 4),
(58, 4, 642, 1, 1, 5),
(58, 4, 643, 1, 2, 5),
(58, 4, 644, 1, 3, 4),
(58, 4, 645, 1, 4, 5),
(58, 4, 646, 1, 7, 5),
(59, 4, 647, 1, 1, 3),
(59, 4, 648, 1, 2, 3),
(59, 4, 649, 1, 3, 4),
(59, 4, 650, 1, 4, 3),
(59, 4, 651, 1, 7, 3),
(60, 4, 652, 1, 1, 5),
(60, 4, 653, 1, 2, 4),
(60, 4, 654, 1, 3, 4),
(60, 4, 655, 1, 4, 3),
(60, 4, 656, 1, 7, 4),
(61, 4, 657, 1, 1, 4),
(61, 4, 658, 1, 2, 3),
(61, 4, 659, 1, 3, 4),
(61, 4, 660, 1, 4, 5),
(61, 4, 661, 1, 7, 4),
(62, 4, 662, 1, 1, 4),
(62, 4, 663, 1, 2, 4),
(62, 4, 664, 1, 3, 5),
(62, 4, 665, 1, 4, 5),
(62, 4, 666, 1, 7, 5),
(63, 4, 667, 1, 1, 5),
(63, 4, 668, 1, 2, 3),
(63, 4, 669, 1, 3, 4),
(63, 4, 670, 1, 4, 5),
(63, 4, 671, 1, 7, 4),
(64, 4, 672, 1, 1, 4),
(64, 4, 673, 1, 2, 3),
(64, 4, 674, 1, 3, 4),
(64, 4, 675, 1, 4, 3),
(64, 4, 676, 1, 7, 4),
(65, 4, 677, 1, 1, 5),
(65, 4, 678, 1, 2, 5),
(65, 4, 679, 1, 3, 5),
(65, 4, 680, 1, 4, 4),
(65, 4, 681, 1, 7, 5),
(66, 4, 682, 1, 1, 3),
(66, 4, 683, 1, 2, 4),
(66, 4, 684, 1, 3, 3),
(66, 4, 685, 1, 4, 3),
(66, 4, 686, 1, 7, 3),
(67, 4, 687, 1, 1, 3),
(67, 4, 688, 1, 2, 3),
(67, 4, 689, 1, 3, 4),
(67, 4, 690, 1, 4, 4),
(67, 4, 691, 1, 7, 4),
(68, 4, 692, 1, 1, 5),
(68, 4, 693, 1, 2, 3),
(68, 4, 694, 1, 3, 4),
(68, 4, 695, 1, 4, 5),
(68, 4, 696, 1, 7, 4),
(69, 4, 697, 1, 1, 4),
(69, 4, 698, 1, 2, 5),
(69, 4, 699, 1, 3, 3),
(69, 4, 700, 1, 4, 3),
(69, 4, 701, 1, 7, 4),
(70, 4, 702, 1, 1, 5),
(70, 4, 703, 1, 2, 5),
(70, 4, 704, 1, 3, 5),
(70, 4, 705, 1, 4, 5),
(70, 4, 706, 1, 7, 5),
(1, 5, 707, 1, 5, 5),
(1, 5, 708, 1, 6, 5),
(1, 5, 709, 1, 7, 5),
(2, 5, 710, 1, 5, 4),
(2, 5, 711, 1, 6, 4),
(2, 5, 712, 1, 7, 4),
(3, 5, 713, 1, 5, 5),
(3, 5, 714, 1, 6, 5),
(3, 5, 715, 1, 7, 5),
(4, 5, 716, 1, 5, 4),
(4, 5, 717, 1, 6, 3),
(4, 5, 718, 1, 7, 4),
(5, 5, 719, 1, 5, 4),
(5, 5, 720, 1, 6, 4),
(5, 5, 721, 1, 7, 4),
(6, 5, 722, 1, 5, 3),
(6, 5, 723, 1, 6, 4),
(6, 5, 724, 1, 7, 4),
(7, 5, 725, 1, 5, 5),
(7, 5, 726, 1, 6, 4),
(7, 5, 727, 1, 7, 5),
(8, 5, 728, 1, 5, 5),
(8, 5, 729, 1, 6, 3),
(8, 5, 730, 1, 7, 4),
(9, 5, 731, 1, 5, 4),
(9, 5, 732, 1, 6, 5),
(9, 5, 733, 1, 7, 5),
(10, 5, 734, 1, 5, 5),
(10, 5, 735, 1, 6, 3),
(10, 5, 736, 1, 7, 4),
(11, 5, 737, 1, 5, 4),
(11, 5, 738, 1, 6, 3),
(11, 5, 739, 1, 7, 4),
(12, 5, 740, 1, 5, 4),
(12, 5, 741, 1, 6, 3),
(12, 5, 742, 1, 7, 4),
(13, 5, 743, 1, 5, 4),
(13, 5, 744, 1, 6, 5),
(13, 5, 745, 1, 7, 5),
(14, 5, 746, 1, 5, 4),
(14, 5, 747, 1, 6, 3),
(14, 5, 748, 1, 7, 4),
(15, 5, 749, 1, 5, 5),
(15, 5, 750, 1, 6, 4),
(15, 5, 751, 1, 7, 5),
(16, 5, 752, 1, 5, 4),
(16, 5, 753, 1, 6, 3),
(16, 5, 754, 1, 7, 4),
(17, 5, 755, 1, 5, 5),
(17, 5, 756, 1, 6, 5),
(17, 5, 757, 1, 7, 5),
(18, 5, 758, 1, 5, 4),
(18, 5, 759, 1, 6, 3),
(18, 5, 760, 1, 7, 4),
(19, 5, 761, 1, 5, 4),
(19, 5, 762, 1, 6, 4),
(19, 5, 763, 1, 7, 4),
(20, 5, 764, 1, 5, 5),
(20, 5, 765, 1, 6, 5),
(20, 5, 766, 1, 7, 5),
(21, 5, 767, 1, 1, 5),
(21, 5, 768, 1, 2, 5),
(21, 5, 769, 1, 3, 3),
(21, 5, 770, 1, 4, 3),
(21, 5, 771, 1, 7, 4),
(22, 5, 772, 1, 1, 5),
(22, 5, 773, 1, 2, 4),
(22, 5, 774, 1, 3, 5),
(22, 5, 775, 1, 4, 4),
(22, 5, 776, 1, 7, 5),
(23, 5, 777, 1, 1, 5),
(23, 5, 778, 1, 2, 4),
(23, 5, 779, 1, 3, 5),
(23, 5, 780, 1, 4, 5),
(23, 5, 781, 1, 7, 5),
(24, 5, 782, 1, 1, 4),
(24, 5, 783, 1, 2, 3),
(24, 5, 784, 1, 3, 4),
(24, 5, 785, 1, 4, 4),
(24, 5, 786, 1, 7, 4),
(25, 5, 787, 1, 1, 3),
(25, 5, 788, 1, 2, 5),
(25, 5, 789, 1, 3, 4),
(25, 5, 790, 1, 4, 4),
(25, 5, 791, 1, 7, 4),
(26, 5, 792, 1, 1, 4),
(26, 5, 793, 1, 2, 3),
(26, 5, 794, 1, 3, 4),
(26, 5, 795, 1, 4, 3),
(26, 5, 796, 1, 7, 4),
(27, 5, 797, 1, 1, 3),
(27, 5, 798, 1, 2, 5),
(27, 5, 799, 1, 3, 4),
(27, 5, 800, 1, 4, 4),
(27, 5, 801, 1, 7, 4),
(28, 5, 802, 1, 1, 4),
(28, 5, 803, 1, 2, 3),
(28, 5, 804, 1, 3, 3),
(28, 5, 805, 1, 4, 5),
(28, 5, 806, 1, 7, 4),
(29, 5, 807, 1, 1, 5),
(29, 5, 808, 1, 2, 3),
(29, 5, 809, 1, 3, 5),
(29, 5, 810, 1, 4, 5),
(29, 5, 811, 1, 7, 5),
(30, 5, 812, 1, 1, 3),
(30, 5, 813, 1, 2, 5),
(30, 5, 814, 1, 3, 4),
(30, 5, 815, 1, 4, 3),
(30, 5, 816, 1, 7, 4),
(31, 5, 817, 1, 1, 5),
(31, 5, 818, 1, 2, 5),
(31, 5, 819, 1, 3, 3),
(31, 5, 820, 1, 4, 5),
(31, 5, 821, 1, 7, 5),
(32, 5, 822, 1, 1, 3),
(32, 5, 823, 1, 2, 5),
(32, 5, 824, 1, 3, 5),
(32, 5, 825, 1, 4, 5),
(32, 5, 826, 1, 7, 5),
(33, 5, 827, 1, 1, 4),
(33, 5, 828, 1, 2, 3),
(33, 5, 829, 1, 3, 4),
(33, 5, 830, 1, 4, 5),
(33, 5, 831, 1, 7, 4),
(34, 5, 832, 1, 1, 5),
(34, 5, 833, 1, 2, 4),
(34, 5, 834, 1, 3, 5),
(34, 5, 835, 1, 4, 3),
(34, 5, 836, 1, 7, 4),
(35, 5, 837, 1, 1, 3),
(35, 5, 838, 1, 2, 3),
(35, 5, 839, 1, 3, 3),
(35, 5, 840, 1, 4, 5),
(35, 5, 841, 1, 7, 4),
(36, 5, 842, 1, 1, 4),
(36, 5, 843, 1, 2, 4),
(36, 5, 844, 1, 3, 5),
(36, 5, 845, 1, 4, 4),
(36, 5, 846, 1, 7, 4),
(37, 5, 847, 1, 1, 3),
(37, 5, 848, 1, 2, 4),
(37, 5, 849, 1, 3, 3),
(37, 5, 850, 1, 4, 3),
(37, 5, 851, 1, 7, 3),
(38, 5, 852, 1, 1, 4),
(38, 5, 853, 1, 2, 5),
(38, 5, 854, 1, 3, 5),
(38, 5, 855, 1, 4, 4),
(38, 5, 856, 1, 7, 5),
(39, 5, 857, 1, 1, 5),
(39, 5, 858, 1, 2, 5),
(39, 5, 859, 1, 3, 5),
(39, 5, 860, 1, 4, 4),
(39, 5, 861, 1, 7, 5),
(40, 5, 862, 1, 1, 5),
(40, 5, 863, 1, 2, 5),
(40, 5, 864, 1, 3, 3),
(40, 5, 865, 1, 4, 4),
(40, 5, 866, 1, 7, 4),
(41, 5, 867, 1, 1, 5),
(41, 5, 868, 1, 2, 4),
(41, 5, 869, 1, 3, 4),
(41, 5, 870, 1, 4, 5),
(41, 5, 871, 1, 7, 5),
(42, 5, 872, 1, 1, 5),
(42, 5, 873, 1, 2, 5),
(42, 5, 874, 1, 3, 5),
(42, 5, 875, 1, 4, 4),
(42, 5, 876, 1, 7, 5),
(43, 5, 877, 1, 1, 3),
(43, 5, 878, 1, 2, 3),
(43, 5, 879, 1, 3, 4),
(43, 5, 880, 1, 4, 4),
(43, 5, 881, 1, 7, 4),
(44, 5, 882, 1, 1, 4),
(44, 5, 883, 1, 2, 4),
(44, 5, 884, 1, 3, 4),
(44, 5, 885, 1, 4, 4),
(44, 5, 886, 1, 7, 4),
(45, 5, 887, 1, 1, 5),
(45, 5, 888, 1, 2, 4),
(45, 5, 889, 1, 3, 4),
(45, 5, 890, 1, 4, 4),
(45, 5, 891, 1, 7, 4),
(46, 5, 892, 1, 1, 4),
(46, 5, 893, 1, 2, 4),
(46, 5, 894, 1, 3, 3),
(46, 5, 895, 1, 4, 3),
(46, 5, 896, 1, 7, 4),
(47, 5, 897, 1, 1, 3),
(47, 5, 898, 1, 2, 4),
(47, 5, 899, 1, 3, 5),
(47, 5, 900, 1, 4, 4),
(47, 5, 901, 1, 7, 4),
(48, 5, 902, 1, 1, 5),
(48, 5, 903, 1, 2, 3),
(48, 5, 904, 1, 3, 5),
(48, 5, 905, 1, 4, 5),
(48, 5, 906, 1, 7, 5),
(49, 5, 907, 1, 1, 3),
(49, 5, 908, 1, 2, 3),
(49, 5, 909, 1, 3, 4),
(49, 5, 910, 1, 4, 4),
(49, 5, 911, 1, 7, 4),
(50, 5, 912, 1, 1, 5),
(50, 5, 913, 1, 2, 5),
(50, 5, 914, 1, 3, 3),
(50, 5, 915, 1, 4, 5),
(50, 5, 916, 1, 7, 5),
(51, 5, 917, 1, 1, 5),
(51, 5, 918, 1, 2, 5),
(51, 5, 919, 1, 3, 5),
(51, 5, 920, 1, 4, 5),
(51, 5, 921, 1, 7, 5),
(52, 5, 922, 1, 1, 4),
(52, 5, 923, 1, 2, 5),
(52, 5, 924, 1, 3, 5),
(52, 5, 925, 1, 4, 4),
(52, 5, 926, 1, 7, 5),
(53, 5, 927, 1, 1, 5),
(53, 5, 928, 1, 2, 5),
(53, 5, 929, 1, 3, 5),
(53, 5, 930, 1, 4, 5),
(53, 5, 931, 1, 7, 5),
(54, 5, 932, 1, 1, 4),
(54, 5, 933, 1, 2, 3),
(54, 5, 934, 1, 3, 4),
(54, 5, 935, 1, 4, 3),
(54, 5, 936, 1, 7, 4),
(55, 5, 937, 1, 1, 3),
(55, 5, 938, 1, 2, 3),
(55, 5, 939, 1, 3, 5),
(55, 5, 940, 1, 4, 5),
(55, 5, 941, 1, 7, 4),
(56, 5, 942, 1, 1, 3),
(56, 5, 943, 1, 2, 5),
(56, 5, 944, 1, 3, 5),
(56, 5, 945, 1, 4, 4),
(56, 5, 946, 1, 7, 4),
(57, 5, 947, 1, 1, 4),
(57, 5, 948, 1, 2, 4),
(57, 5, 949, 1, 3, 4),
(57, 5, 950, 1, 4, 4),
(57, 5, 951, 1, 7, 4),
(58, 5, 952, 1, 1, 5),
(58, 5, 953, 1, 2, 5),
(58, 5, 954, 1, 3, 4),
(58, 5, 955, 1, 4, 5),
(58, 5, 956, 1, 7, 5),
(59, 5, 957, 1, 1, 3),
(59, 5, 958, 1, 2, 3),
(59, 5, 959, 1, 3, 4),
(59, 5, 960, 1, 4, 3),
(59, 5, 961, 1, 7, 3),
(60, 5, 962, 1, 1, 5),
(60, 5, 963, 1, 2, 4),
(60, 5, 964, 1, 3, 4),
(60, 5, 965, 1, 4, 3),
(60, 5, 966, 1, 7, 4),
(61, 5, 967, 1, 1, 4),
(61, 5, 968, 1, 2, 3),
(61, 5, 969, 1, 3, 4),
(61, 5, 970, 1, 4, 5),
(61, 5, 971, 1, 7, 4),
(62, 5, 972, 1, 1, 4),
(62, 5, 973, 1, 2, 4),
(62, 5, 974, 1, 3, 5),
(62, 5, 975, 1, 4, 5),
(62, 5, 976, 1, 7, 5),
(63, 5, 977, 1, 1, 5),
(63, 5, 978, 1, 2, 3),
(63, 5, 979, 1, 3, 4),
(63, 5, 980, 1, 4, 5),
(63, 5, 981, 1, 7, 4),
(64, 5, 982, 1, 1, 4),
(64, 5, 983, 1, 2, 3),
(64, 5, 984, 1, 3, 4),
(64, 5, 985, 1, 4, 3),
(64, 5, 986, 1, 7, 4),
(65, 5, 987, 1, 1, 5),
(65, 5, 988, 1, 2, 5),
(65, 5, 989, 1, 3, 5),
(65, 5, 990, 1, 4, 4),
(65, 5, 991, 1, 7, 5),
(66, 5, 992, 1, 1, 3),
(66, 5, 993, 1, 2, 4),
(66, 5, 994, 1, 3, 3),
(66, 5, 995, 1, 4, 3),
(66, 5, 996, 1, 7, 3),
(67, 1, 997, 1, 1, 3),
(67, 1, 998, 1, 2, 3),
(67, 1, 999, 1, 3, 4),
(67, 1, 1000, 1, 4, 4),
(67, 1, 1001, 1, 7, 4),
(68, 1, 1002, 1, 1, 5),
(68, 1, 1003, 1, 2, 3),
(68, 1, 1004, 1, 3, 4),
(68, 1, 1005, 1, 4, 5),
(68, 1, 1006, 1, 7, 4),
(69, 1, 1007, 1, 1, 4),
(69, 1, 1008, 1, 2, 5),
(69, 1, 1009, 1, 3, 3),
(69, 1, 1010, 1, 4, 3),
(69, 1, 1011, 1, 7, 4),
(70, 1, 1012, 1, 1, 5),
(70, 1, 1013, 1, 2, 5),
(70, 1, 1014, 1, 3, 5),
(70, 1, 1015, 1, 4, 5),
(70, 1, 1016, 1, 7, 5),
(1, 7, 1017, 1, 5, 5),
(1, 7, 1018, 1, 6, 5),
(1, 7, 1019, 1, 7, 5),
(2, 7, 1020, 1, 5, 4),
(2, 7, 1021, 1, 6, 4),
(2, 7, 1022, 1, 7, 4),
(3, 7, 1023, 1, 5, 5),
(3, 7, 1024, 1, 6, 5),
(3, 7, 1025, 1, 7, 5),
(4, 7, 1026, 1, 5, 4),
(4, 7, 1027, 1, 6, 3),
(4, 7, 1028, 1, 7, 4),
(5, 7, 1029, 1, 5, 4),
(5, 7, 1030, 1, 6, 4),
(5, 7, 1031, 1, 7, 4),
(6, 7, 1032, 1, 5, 3),
(6, 7, 1033, 1, 6, 4),
(6, 7, 1034, 1, 7, 4),
(7, 7, 1035, 1, 5, 5),
(7, 7, 1036, 1, 6, 4),
(7, 7, 1037, 1, 7, 5),
(8, 7, 1038, 1, 5, 5),
(8, 7, 1039, 1, 6, 3),
(8, 7, 1040, 1, 7, 4),
(9, 7, 1041, 1, 5, 4),
(9, 7, 1042, 1, 6, 5),
(9, 7, 1043, 1, 7, 5),
(10, 7, 1044, 1, 5, 5),
(10, 7, 1045, 1, 6, 3),
(10, 7, 1046, 1, 7, 4),
(11, 7, 1047, 1, 5, 4),
(11, 7, 1048, 1, 6, 3),
(11, 7, 1049, 1, 7, 4),
(12, 7, 1050, 1, 5, 4),
(12, 7, 1051, 1, 6, 3),
(12, 7, 1052, 1, 7, 4),
(13, 7, 1053, 1, 5, 4),
(13, 7, 1054, 1, 6, 5),
(13, 7, 1055, 1, 7, 5),
(14, 7, 1056, 1, 5, 4),
(14, 7, 1057, 1, 6, 3),
(14, 7, 1058, 1, 7, 4),
(15, 7, 1059, 1, 5, 5),
(15, 7, 1060, 1, 6, 4),
(15, 7, 1061, 1, 7, 5),
(16, 7, 1062, 1, 5, 4),
(16, 7, 1063, 1, 6, 3),
(16, 7, 1064, 1, 7, 4),
(17, 7, 1065, 1, 5, 5),
(17, 7, 1066, 1, 6, 5),
(17, 7, 1067, 1, 7, 5),
(18, 7, 1068, 1, 5, 4),
(18, 7, 1069, 1, 6, 3),
(18, 7, 1070, 1, 7, 4),
(19, 7, 1071, 1, 5, 4),
(19, 7, 1072, 1, 6, 4),
(19, 7, 1073, 1, 7, 4),
(20, 7, 1074, 1, 5, 5),
(20, 7, 1075, 1, 6, 5),
(20, 7, 1076, 1, 7, 5),
(21, 7, 1077, 1, 1, 5),
(21, 7, 1078, 1, 2, 5),
(21, 7, 1079, 1, 3, 3),
(21, 7, 1080, 1, 4, 3),
(21, 7, 1081, 1, 7, 4),
(22, 7, 1082, 1, 1, 5),
(22, 7, 1083, 1, 2, 4),
(22, 7, 1084, 1, 3, 5),
(22, 7, 1085, 1, 4, 4),
(22, 7, 1086, 1, 7, 5),
(23, 7, 1087, 1, 1, 5),
(23, 7, 1088, 1, 2, 4),
(23, 7, 1089, 1, 3, 5),
(23, 7, 1090, 1, 4, 5),
(23, 7, 1091, 1, 7, 5),
(24, 7, 1092, 1, 1, 4),
(24, 7, 1093, 1, 2, 3),
(24, 7, 1094, 1, 3, 4),
(24, 7, 1095, 1, 4, 4),
(24, 7, 1096, 1, 7, 4),
(25, 7, 1097, 1, 1, 3),
(25, 7, 1098, 1, 2, 5),
(25, 7, 1099, 1, 3, 4),
(25, 7, 1100, 1, 4, 4),
(25, 7, 1101, 1, 7, 4),
(26, 7, 1102, 1, 1, 4),
(26, 7, 1103, 1, 2, 3),
(26, 7, 1104, 1, 3, 4),
(26, 7, 1105, 1, 4, 3),
(26, 7, 1106, 1, 7, 4),
(27, 7, 1107, 1, 1, 3),
(27, 7, 1108, 1, 2, 5),
(27, 7, 1109, 1, 3, 4),
(27, 7, 1110, 1, 4, 4),
(27, 7, 1111, 1, 7, 4),
(28, 7, 1112, 1, 1, 4),
(28, 7, 1113, 1, 2, 3),
(28, 7, 1114, 1, 3, 3),
(28, 7, 1115, 1, 4, 5),
(28, 7, 1116, 1, 7, 4),
(29, 7, 1117, 1, 1, 5),
(29, 7, 1118, 1, 2, 3),
(29, 7, 1119, 1, 3, 5),
(29, 7, 1120, 1, 4, 5),
(29, 7, 1121, 1, 7, 5),
(30, 7, 1122, 1, 1, 3),
(30, 7, 1123, 1, 2, 5),
(30, 7, 1124, 1, 3, 4),
(30, 7, 1125, 1, 4, 3),
(30, 7, 1126, 1, 7, 4),
(31, 7, 1127, 1, 1, 5),
(31, 7, 1128, 1, 2, 5),
(31, 7, 1129, 1, 3, 3),
(31, 7, 1130, 1, 4, 5),
(31, 7, 1131, 1, 7, 5),
(32, 7, 1132, 1, 1, 3),
(32, 7, 1133, 1, 2, 5),
(32, 7, 1134, 1, 3, 5),
(32, 7, 1135, 1, 4, 5),
(32, 7, 1136, 1, 7, 5),
(33, 7, 1137, 1, 1, 4),
(33, 7, 1138, 1, 2, 3),
(33, 7, 1139, 1, 3, 4),
(33, 7, 1140, 1, 4, 5),
(33, 7, 1141, 1, 7, 4),
(34, 7, 1142, 1, 1, 5),
(34, 7, 1143, 1, 2, 4),
(34, 7, 1144, 1, 3, 5),
(34, 7, 1145, 1, 4, 3),
(34, 7, 1146, 1, 7, 4),
(35, 7, 1147, 1, 1, 3),
(35, 7, 1148, 1, 2, 3),
(35, 7, 1149, 1, 3, 3),
(35, 7, 1150, 1, 4, 5),
(35, 7, 1151, 1, 7, 4),
(36, 7, 1152, 1, 1, 4),
(36, 7, 1153, 1, 2, 4),
(36, 7, 1154, 1, 3, 5),
(36, 7, 1155, 1, 4, 4),
(36, 7, 1156, 1, 7, 4),
(37, 7, 1157, 1, 1, 3),
(37, 7, 1158, 1, 2, 4),
(37, 7, 1159, 1, 3, 3),
(37, 7, 1160, 1, 4, 3),
(37, 7, 1161, 1, 7, 3),
(38, 7, 1162, 1, 1, 4),
(38, 7, 1163, 1, 2, 5),
(38, 7, 1164, 1, 3, 5),
(38, 7, 1165, 1, 4, 4),
(38, 7, 1166, 1, 7, 5),
(39, 7, 1167, 1, 1, 5),
(39, 7, 1168, 1, 2, 5),
(39, 7, 1169, 1, 3, 5),
(39, 7, 1170, 1, 4, 4),
(39, 7, 1171, 1, 7, 5),
(40, 7, 1172, 1, 1, 5),
(40, 7, 1173, 1, 2, 5),
(40, 7, 1174, 1, 3, 3),
(40, 7, 1175, 1, 4, 4),
(40, 7, 1176, 1, 7, 4),
(41, 7, 1177, 1, 1, 5),
(41, 7, 1178, 1, 2, 4),
(41, 7, 1179, 1, 3, 4),
(41, 7, 1180, 1, 4, 5),
(41, 7, 1181, 1, 7, 5),
(42, 7, 1182, 1, 1, 5),
(42, 7, 1183, 1, 2, 5),
(42, 7, 1184, 1, 3, 5),
(42, 7, 1185, 1, 4, 4),
(42, 7, 1186, 1, 7, 5),
(43, 7, 1187, 1, 1, 3),
(43, 7, 1188, 1, 2, 3),
(43, 7, 1189, 1, 3, 4),
(43, 7, 1190, 1, 4, 4),
(43, 7, 1191, 1, 7, 4),
(44, 7, 1192, 1, 1, 4),
(44, 7, 1193, 1, 2, 4),
(44, 7, 1194, 1, 3, 4),
(44, 7, 1195, 1, 4, 4),
(44, 7, 1196, 1, 7, 4),
(45, 7, 1197, 1, 1, 5),
(45, 7, 1198, 1, 2, 4),
(45, 7, 1199, 1, 3, 4),
(45, 7, 1200, 1, 4, 4),
(45, 7, 1201, 1, 7, 4),
(46, 7, 1202, 1, 1, 4),
(46, 7, 1203, 1, 2, 4),
(46, 7, 1204, 1, 3, 3),
(46, 7, 1205, 1, 4, 3),
(46, 7, 1206, 1, 7, 4),
(47, 7, 1207, 1, 1, 3),
(47, 7, 1208, 1, 2, 4),
(47, 7, 1209, 1, 3, 5),
(47, 7, 1210, 1, 4, 4),
(47, 7, 1211, 1, 7, 4),
(48, 7, 1212, 1, 1, 5),
(48, 7, 1213, 1, 2, 3),
(48, 7, 1214, 1, 3, 5),
(48, 7, 1215, 1, 4, 5),
(48, 7, 1216, 1, 7, 5),
(49, 7, 1217, 1, 1, 3),
(49, 7, 1218, 1, 2, 3),
(49, 7, 1219, 1, 3, 4),
(49, 7, 1220, 1, 4, 4),
(49, 7, 1221, 1, 7, 4),
(50, 7, 1222, 1, 1, 5),
(50, 7, 1223, 1, 2, 5),
(50, 7, 1224, 1, 3, 3),
(50, 7, 1225, 1, 4, 5),
(50, 7, 1226, 1, 7, 5),
(51, 7, 1227, 1, 1, 5),
(51, 7, 1228, 1, 2, 5),
(51, 7, 1229, 1, 3, 5),
(51, 7, 1230, 1, 4, 5),
(51, 7, 1231, 1, 7, 5),
(52, 7, 1232, 1, 1, 4),
(52, 7, 1233, 1, 2, 5),
(52, 7, 1234, 1, 3, 5),
(52, 7, 1235, 1, 4, 4),
(52, 7, 1236, 1, 7, 5),
(53, 7, 1237, 1, 1, 5),
(53, 7, 1238, 1, 2, 5),
(53, 7, 1239, 1, 3, 5),
(53, 7, 1240, 1, 4, 5),
(53, 7, 1241, 1, 7, 5),
(54, 7, 1242, 1, 1, 4),
(54, 7, 1243, 1, 2, 3),
(54, 7, 1244, 1, 3, 4),
(54, 7, 1245, 1, 4, 3),
(54, 7, 1246, 1, 7, 4),
(55, 7, 1247, 1, 1, 3),
(55, 7, 1248, 1, 2, 3),
(55, 7, 1249, 1, 3, 5),
(55, 7, 1250, 1, 4, 5),
(55, 7, 1251, 1, 7, 4),
(56, 7, 1252, 1, 1, 3),
(56, 7, 1253, 1, 2, 5),
(56, 7, 1254, 1, 3, 5),
(56, 7, 1255, 1, 4, 4),
(56, 7, 1256, 1, 7, 4),
(57, 7, 1257, 1, 1, 4),
(57, 7, 1258, 1, 2, 4),
(57, 7, 1259, 1, 3, 4),
(57, 7, 1260, 1, 4, 4),
(57, 7, 1261, 1, 7, 4),
(58, 7, 1262, 1, 1, 5),
(58, 7, 1263, 1, 2, 5),
(58, 7, 1264, 1, 3, 4),
(58, 7, 1265, 1, 4, 5),
(58, 7, 1266, 1, 7, 5),
(59, 7, 1267, 1, 1, 3),
(59, 7, 1268, 1, 2, 3),
(59, 7, 1269, 1, 3, 4),
(59, 7, 1270, 1, 4, 3),
(59, 7, 1271, 1, 7, 3),
(60, 7, 1272, 1, 1, 5),
(60, 7, 1273, 1, 2, 4),
(60, 7, 1274, 1, 3, 4),
(60, 7, 1275, 1, 4, 3),
(60, 7, 1276, 1, 7, 4),
(61, 7, 1277, 1, 1, 4),
(61, 7, 1278, 1, 2, 3),
(61, 7, 1279, 1, 3, 4),
(61, 7, 1280, 1, 4, 5),
(61, 7, 1281, 1, 7, 4),
(62, 7, 1282, 1, 1, 4),
(62, 7, 1283, 1, 2, 4),
(62, 7, 1284, 1, 3, 5),
(62, 7, 1285, 1, 4, 5),
(62, 7, 1286, 1, 7, 5),
(63, 7, 1287, 1, 1, 5),
(63, 7, 1288, 1, 2, 3),
(63, 7, 1289, 1, 3, 4),
(63, 7, 1290, 1, 4, 5),
(63, 7, 1291, 1, 7, 4),
(64, 7, 1292, 1, 1, 4),
(64, 7, 1293, 1, 2, 3),
(64, 7, 1294, 1, 3, 4),
(64, 7, 1295, 1, 4, 3),
(64, 7, 1296, 1, 7, 4),
(65, 7, 1297, 1, 1, 5),
(65, 7, 1298, 1, 2, 5),
(65, 7, 1299, 1, 3, 5),
(65, 7, 1300, 1, 4, 4),
(65, 7, 1301, 1, 7, 5),
(66, 7, 1302, 1, 1, 3),
(66, 7, 1303, 1, 2, 4),
(66, 7, 1304, 1, 3, 3),
(66, 7, 1305, 1, 4, 3),
(66, 7, 1306, 1, 7, 3),
(67, 7, 1307, 1, 1, 3),
(67, 7, 1308, 1, 2, 3),
(67, 7, 1309, 1, 3, 4),
(67, 7, 1310, 1, 4, 4),
(67, 7, 1311, 1, 7, 4),
(68, 7, 1312, 1, 1, 5),
(68, 7, 1313, 1, 2, 3),
(68, 7, 1314, 1, 3, 4),
(68, 7, 1315, 1, 4, 5),
(68, 7, 1316, 1, 7, 4),
(69, 7, 1317, 1, 1, 4),
(69, 7, 1318, 1, 2, 5),
(69, 7, 1319, 1, 3, 3),
(69, 7, 1320, 1, 4, 3),
(69, 7, 1321, 1, 7, 4),
(70, 7, 1322, 1, 1, 5),
(70, 7, 1323, 1, 2, 5),
(70, 7, 1324, 1, 3, 5),
(70, 7, 1325, 1, 4, 5),
(70, 7, 1326, 1, 7, 5),
(1, 8, 1327, 1, 5, 5),
(1, 8, 1328, 1, 6, 5),
(1, 8, 1329, 1, 7, 5),
(2, 8, 1330, 1, 5, 4),
(2, 8, 1331, 1, 6, 4),
(2, 8, 1332, 1, 7, 4),
(3, 8, 1333, 1, 5, 5),
(3, 8, 1334, 1, 6, 5),
(3, 8, 1335, 1, 7, 5),
(4, 8, 1336, 1, 5, 4),
(4, 8, 1337, 1, 6, 3),
(4, 8, 1338, 1, 7, 4),
(5, 8, 1339, 1, 5, 4),
(5, 8, 1340, 1, 6, 4),
(5, 8, 1341, 1, 7, 4),
(6, 8, 1342, 1, 5, 3),
(6, 8, 1343, 1, 6, 4),
(6, 8, 1344, 1, 7, 4),
(7, 8, 1345, 1, 5, 5),
(7, 8, 1346, 1, 6, 4),
(7, 8, 1347, 1, 7, 5),
(8, 8, 1348, 1, 5, 5),
(8, 8, 1349, 1, 6, 3),
(8, 8, 1350, 1, 7, 4),
(9, 8, 1351, 1, 5, 4),
(9, 8, 1352, 1, 6, 5),
(9, 8, 1353, 1, 7, 5),
(10, 8, 1354, 1, 5, 5),
(10, 8, 1355, 1, 6, 3),
(10, 8, 1356, 1, 7, 4),
(11, 8, 1357, 1, 5, 4),
(11, 8, 1358, 1, 6, 3),
(11, 8, 1359, 1, 7, 4),
(12, 8, 1360, 1, 5, 4),
(12, 8, 1361, 1, 6, 3),
(12, 8, 1362, 1, 7, 4),
(13, 8, 1363, 1, 5, 4),
(13, 8, 1364, 1, 6, 5),
(13, 8, 1365, 1, 7, 5),
(14, 8, 1366, 1, 5, 4),
(14, 8, 1367, 1, 6, 3),
(14, 8, 1368, 1, 7, 4),
(15, 8, 1369, 1, 5, 5),
(15, 8, 1370, 1, 6, 4),
(15, 8, 1371, 1, 7, 5),
(16, 8, 1372, 1, 5, 4),
(16, 8, 1373, 1, 6, 3),
(16, 8, 1374, 1, 7, 4),
(17, 8, 1375, 1, 5, 5),
(17, 8, 1376, 1, 6, 5),
(17, 8, 1377, 1, 7, 5),
(18, 8, 1378, 1, 5, 4),
(18, 8, 1379, 1, 6, 3),
(18, 8, 1380, 1, 7, 4),
(19, 8, 1381, 1, 5, 4),
(19, 8, 1382, 1, 6, 4),
(19, 8, 1383, 1, 7, 4),
(20, 8, 1384, 1, 5, 5),
(20, 8, 1385, 1, 6, 5),
(20, 8, 1386, 1, 7, 5),
(21, 8, 1387, 1, 1, 5),
(21, 8, 1388, 1, 2, 5),
(21, 8, 1389, 1, 3, 3),
(21, 8, 1390, 1, 4, 3),
(21, 8, 1391, 1, 7, 4),
(22, 8, 1392, 1, 1, 5),
(22, 8, 1393, 1, 2, 4),
(22, 8, 1394, 1, 3, 5),
(22, 8, 1395, 1, 4, 4),
(22, 8, 1396, 1, 7, 5),
(23, 8, 1397, 1, 1, 5),
(23, 8, 1398, 1, 2, 4),
(23, 8, 1399, 1, 3, 5),
(23, 8, 1400, 1, 4, 5),
(23, 8, 1401, 1, 7, 5),
(24, 8, 1402, 1, 1, 4),
(24, 8, 1403, 1, 2, 3),
(24, 8, 1404, 1, 3, 4),
(24, 8, 1405, 1, 4, 4),
(24, 8, 1406, 1, 7, 4),
(25, 8, 1407, 1, 1, 3),
(25, 8, 1408, 1, 2, 5),
(25, 8, 1409, 1, 3, 4),
(25, 8, 1410, 1, 4, 4),
(25, 8, 1411, 1, 7, 4),
(26, 8, 1412, 1, 1, 4),
(26, 8, 1413, 1, 2, 3),
(26, 8, 1414, 1, 3, 4),
(26, 8, 1415, 1, 4, 3),
(26, 8, 1416, 1, 7, 4),
(27, 8, 1417, 1, 1, 3),
(27, 8, 1418, 1, 2, 5),
(27, 8, 1419, 1, 3, 4),
(27, 8, 1420, 1, 4, 4),
(27, 8, 1421, 1, 7, 4),
(28, 8, 1422, 1, 1, 4),
(28, 8, 1423, 1, 2, 3),
(28, 8, 1424, 1, 3, 3),
(28, 8, 1425, 1, 4, 5),
(28, 8, 1426, 1, 7, 4),
(29, 8, 1427, 1, 1, 5),
(29, 8, 1428, 1, 2, 3),
(29, 8, 1429, 1, 3, 5),
(29, 8, 1430, 1, 4, 5),
(29, 8, 1431, 1, 7, 5),
(30, 8, 1432, 1, 1, 3),
(30, 8, 1433, 1, 2, 5),
(30, 8, 1434, 1, 3, 4),
(30, 8, 1435, 1, 4, 3),
(30, 8, 1436, 1, 7, 4),
(31, 8, 1437, 1, 1, 5),
(31, 8, 1438, 1, 2, 5),
(31, 8, 1439, 1, 3, 3),
(31, 8, 1440, 1, 4, 5),
(31, 8, 1441, 1, 7, 5),
(32, 8, 1442, 1, 1, 3),
(32, 8, 1443, 1, 2, 5),
(32, 8, 1444, 1, 3, 5),
(32, 8, 1445, 1, 4, 5),
(32, 8, 1446, 1, 7, 5),
(33, 8, 1447, 1, 1, 4),
(33, 8, 1448, 1, 2, 3),
(33, 8, 1449, 1, 3, 4),
(33, 8, 1450, 1, 4, 5),
(33, 8, 1451, 1, 7, 4),
(34, 8, 1452, 1, 1, 5),
(34, 8, 1453, 1, 2, 4),
(34, 8, 1454, 1, 3, 5),
(34, 8, 1455, 1, 4, 3),
(34, 8, 1456, 1, 7, 4),
(35, 8, 1457, 1, 1, 3),
(35, 8, 1458, 1, 2, 3),
(35, 8, 1459, 1, 3, 3),
(35, 8, 1460, 1, 4, 5),
(35, 8, 1461, 1, 7, 4),
(36, 8, 1462, 1, 1, 4),
(36, 8, 1463, 1, 2, 4),
(36, 8, 1464, 1, 3, 5),
(36, 8, 1465, 1, 4, 4),
(36, 8, 1466, 1, 7, 4),
(37, 8, 1467, 1, 1, 3),
(37, 8, 1468, 1, 2, 4),
(37, 8, 1469, 1, 3, 3),
(37, 8, 1470, 1, 4, 3),
(37, 8, 1471, 1, 7, 3),
(38, 8, 1472, 1, 1, 4),
(38, 8, 1473, 1, 2, 5),
(38, 8, 1474, 1, 3, 5),
(38, 8, 1475, 1, 4, 4),
(38, 8, 1476, 1, 7, 5),
(39, 8, 1477, 1, 1, 5),
(39, 8, 1478, 1, 2, 5),
(39, 8, 1479, 1, 3, 5),
(39, 8, 1480, 1, 4, 4),
(39, 8, 1481, 1, 7, 5),
(40, 8, 1482, 1, 1, 5),
(40, 8, 1483, 1, 2, 5),
(40, 8, 1484, 1, 3, 3),
(40, 8, 1485, 1, 4, 4),
(40, 8, 1486, 1, 7, 4),
(41, 8, 1487, 1, 1, 5),
(41, 8, 1488, 1, 2, 4),
(41, 8, 1489, 1, 3, 4),
(41, 8, 1490, 1, 4, 5),
(41, 8, 1491, 1, 7, 5),
(42, 8, 1492, 1, 1, 5),
(42, 8, 1493, 1, 2, 5),
(42, 8, 1494, 1, 3, 5),
(42, 8, 1495, 1, 4, 4),
(42, 8, 1496, 1, 7, 5),
(43, 8, 1497, 1, 1, 3),
(43, 8, 1498, 1, 2, 3),
(43, 8, 1499, 1, 3, 4),
(43, 8, 1500, 1, 4, 4),
(43, 8, 1501, 1, 7, 4),
(44, 8, 1502, 1, 1, 4),
(44, 8, 1503, 1, 2, 4),
(44, 8, 1504, 1, 3, 4),
(44, 8, 1505, 1, 4, 4),
(44, 8, 1506, 1, 7, 4),
(45, 8, 1507, 1, 1, 5),
(45, 8, 1508, 1, 2, 4),
(45, 8, 1509, 1, 3, 4),
(45, 8, 1510, 1, 4, 4),
(45, 8, 1511, 1, 7, 4),
(46, 8, 1512, 1, 1, 4),
(46, 8, 1513, 1, 2, 4),
(46, 8, 1514, 1, 3, 3),
(46, 8, 1515, 1, 4, 3),
(46, 8, 1516, 1, 7, 4),
(47, 8, 1517, 1, 1, 3),
(47, 8, 1518, 1, 2, 4),
(47, 8, 1519, 1, 3, 5),
(47, 8, 1520, 1, 4, 4),
(47, 8, 1521, 1, 7, 4),
(48, 8, 1522, 1, 1, 5),
(48, 8, 1523, 1, 2, 3),
(48, 8, 1524, 1, 3, 5),
(48, 8, 1525, 1, 4, 5),
(48, 8, 1526, 1, 7, 5),
(49, 8, 1527, 1, 1, 3),
(49, 8, 1528, 1, 2, 3),
(49, 8, 1529, 1, 3, 4),
(49, 8, 1530, 1, 4, 4),
(49, 8, 1531, 1, 7, 4),
(50, 8, 1532, 1, 1, 5),
(50, 8, 1533, 1, 2, 5),
(50, 8, 1534, 1, 3, 3),
(50, 8, 1535, 1, 4, 5),
(50, 8, 1536, 1, 7, 5),
(51, 8, 1537, 1, 1, 5),
(51, 8, 1538, 1, 2, 5),
(51, 8, 1539, 1, 3, 5),
(51, 8, 1540, 1, 4, 5),
(51, 8, 1541, 1, 7, 5),
(52, 8, 1542, 1, 1, 4),
(52, 8, 1543, 1, 2, 5),
(52, 8, 1544, 1, 3, 5),
(52, 8, 1545, 1, 4, 4),
(52, 8, 1546, 1, 7, 5),
(53, 8, 1547, 1, 1, 5),
(53, 8, 1548, 1, 2, 5),
(53, 8, 1549, 1, 3, 5),
(53, 8, 1550, 1, 4, 5),
(53, 8, 1551, 1, 7, 5),
(54, 8, 1552, 1, 1, 4),
(54, 8, 1553, 1, 2, 3),
(54, 8, 1554, 1, 3, 4),
(54, 8, 1555, 1, 4, 3),
(54, 8, 1556, 1, 7, 4),
(55, 8, 1557, 1, 1, 3),
(55, 8, 1558, 1, 2, 3),
(55, 8, 1559, 1, 3, 5),
(55, 8, 1560, 1, 4, 5),
(55, 8, 1561, 1, 7, 4),
(56, 8, 1562, 1, 1, 3),
(56, 8, 1563, 1, 2, 5),
(56, 8, 1564, 1, 3, 5),
(56, 8, 1565, 1, 4, 4),
(56, 8, 1566, 1, 7, 4),
(57, 8, 1567, 1, 1, 4),
(57, 8, 1568, 1, 2, 4),
(57, 8, 1569, 1, 3, 4),
(57, 8, 1570, 1, 4, 4),
(57, 8, 1571, 1, 7, 4),
(58, 8, 1572, 1, 1, 5),
(58, 8, 1573, 1, 2, 5),
(58, 8, 1574, 1, 3, 4),
(58, 8, 1575, 1, 4, 5),
(58, 8, 1576, 1, 7, 5),
(59, 8, 1577, 1, 1, 3),
(59, 8, 1578, 1, 2, 3),
(59, 8, 1579, 1, 3, 4),
(59, 8, 1580, 1, 4, 3),
(59, 8, 1581, 1, 7, 3),
(60, 8, 1582, 1, 1, 5),
(60, 8, 1583, 1, 2, 4),
(60, 8, 1584, 1, 3, 4),
(60, 8, 1585, 1, 4, 3),
(60, 8, 1586, 1, 7, 4),
(61, 8, 1587, 1, 1, 4),
(61, 8, 1588, 1, 2, 3),
(61, 8, 1589, 1, 3, 4),
(61, 8, 1590, 1, 4, 5),
(61, 8, 1591, 1, 7, 4),
(62, 8, 1592, 1, 1, 4),
(62, 8, 1593, 1, 2, 4),
(62, 8, 1594, 1, 3, 5),
(62, 8, 1595, 1, 4, 5),
(62, 8, 1596, 1, 7, 5),
(63, 8, 1597, 1, 1, 5),
(63, 8, 1598, 1, 2, 3),
(63, 8, 1599, 1, 3, 4),
(63, 8, 1600, 1, 4, 5),
(63, 8, 1601, 1, 7, 4),
(64, 8, 1602, 1, 1, 4),
(64, 8, 1603, 1, 2, 3),
(64, 8, 1604, 1, 3, 4),
(64, 8, 1605, 1, 4, 3),
(64, 8, 1606, 1, 7, 4),
(65, 8, 1607, 1, 1, 5),
(65, 8, 1608, 1, 2, 5),
(65, 8, 1609, 1, 3, 5),
(65, 8, 1610, 1, 4, 4),
(65, 8, 1611, 1, 7, 5),
(66, 8, 1612, 1, 1, 3),
(66, 8, 1613, 1, 2, 4),
(66, 8, 1614, 1, 3, 3),
(66, 8, 1615, 1, 4, 3),
(66, 8, 1616, 1, 7, 3),
(67, 8, 1617, 1, 1, 3),
(67, 8, 1618, 1, 2, 3),
(67, 8, 1619, 1, 3, 4),
(67, 8, 1620, 1, 4, 4),
(67, 8, 1621, 1, 7, 4),
(68, 8, 1622, 1, 1, 5),
(68, 8, 1623, 1, 2, 3),
(68, 8, 1624, 1, 3, 4),
(68, 8, 1625, 1, 4, 5),
(68, 8, 1626, 1, 7, 4),
(69, 8, 1627, 1, 1, 4),
(69, 8, 1628, 1, 2, 5),
(69, 8, 1629, 1, 3, 3),
(69, 8, 1630, 1, 4, 3),
(69, 8, 1631, 1, 7, 4),
(70, 8, 1632, 1, 1, 5),
(70, 8, 1633, 1, 2, 5),
(70, 8, 1634, 1, 3, 5),
(70, 8, 1635, 1, 4, 5),
(70, 8, 1636, 1, 7, 5),
(1, 11, 1637, 1, 5, 5),
(1, 11, 1638, 1, 6, 5),
(1, 11, 1639, 1, 7, 5),
(2, 11, 1640, 1, 5, 4),
(2, 11, 1641, 1, 6, 4),
(2, 11, 1642, 1, 7, 4),
(3, 11, 1643, 1, 5, 5),
(3, 11, 1644, 1, 6, 5),
(3, 11, 1645, 1, 7, 5),
(4, 11, 1646, 1, 5, 4),
(4, 11, 1647, 1, 6, 3),
(4, 11, 1648, 1, 7, 4),
(5, 11, 1649, 1, 5, 4),
(5, 11, 1650, 1, 6, 4),
(5, 11, 1651, 1, 7, 4),
(6, 11, 1652, 1, 5, 3),
(6, 11, 1653, 1, 6, 4),
(6, 11, 1654, 1, 7, 4),
(7, 11, 1655, 1, 5, 5),
(7, 11, 1656, 1, 6, 4),
(7, 11, 1657, 1, 7, 5),
(8, 11, 1658, 1, 5, 5),
(8, 11, 1659, 1, 6, 3),
(8, 11, 1660, 1, 7, 4),
(9, 11, 1661, 1, 5, 4),
(9, 11, 1662, 1, 6, 5),
(9, 11, 1663, 1, 7, 5),
(10, 11, 1664, 1, 5, 5),
(10, 11, 1665, 1, 6, 3),
(10, 11, 1666, 1, 7, 4),
(11, 11, 1667, 1, 5, 4),
(11, 11, 1668, 1, 6, 3),
(11, 11, 1669, 1, 7, 4),
(12, 11, 1670, 1, 5, 4),
(12, 11, 1671, 1, 6, 3),
(12, 11, 1672, 1, 7, 4),
(13, 11, 1673, 1, 5, 4),
(13, 11, 1674, 1, 6, 5),
(13, 11, 1675, 1, 7, 5),
(14, 11, 1676, 1, 5, 4),
(14, 11, 1677, 1, 6, 3),
(14, 11, 1678, 1, 7, 4),
(15, 11, 1679, 1, 5, 5),
(15, 11, 1680, 1, 6, 4),
(15, 11, 1681, 1, 7, 5),
(16, 11, 1682, 1, 5, 4),
(16, 11, 1683, 1, 6, 3),
(16, 11, 1684, 1, 7, 4),
(17, 11, 1685, 1, 5, 5),
(17, 11, 1686, 1, 6, 5),
(17, 11, 1687, 1, 7, 5),
(18, 11, 1688, 1, 5, 4),
(18, 11, 1689, 1, 6, 3),
(18, 11, 1690, 1, 7, 4),
(19, 11, 1691, 1, 5, 4),
(19, 11, 1692, 1, 6, 4),
(19, 11, 1693, 1, 7, 4),
(20, 11, 1694, 1, 5, 5),
(20, 11, 1695, 1, 6, 5),
(20, 11, 1696, 1, 7, 5),
(21, 11, 1697, 1, 1, 5),
(21, 11, 1698, 1, 2, 5),
(21, 11, 1699, 1, 3, 3),
(21, 11, 1700, 1, 4, 3),
(21, 11, 1701, 1, 7, 4),
(22, 11, 1702, 1, 1, 5),
(22, 11, 1703, 1, 2, 4),
(22, 11, 1704, 1, 3, 5),
(22, 11, 1705, 1, 4, 4),
(22, 11, 1706, 1, 7, 5),
(23, 11, 1707, 1, 1, 5),
(23, 11, 1708, 1, 2, 4),
(23, 11, 1709, 1, 3, 5),
(23, 11, 1710, 1, 4, 5),
(23, 11, 1711, 1, 7, 5),
(24, 11, 1712, 1, 1, 4),
(24, 11, 1713, 1, 2, 3),
(24, 11, 1714, 1, 3, 4),
(24, 11, 1715, 1, 4, 4),
(24, 11, 1716, 1, 7, 4),
(25, 11, 1717, 1, 1, 3),
(25, 11, 1718, 1, 2, 5),
(25, 11, 1719, 1, 3, 4),
(25, 11, 1720, 1, 4, 4),
(25, 11, 1721, 1, 7, 4),
(26, 11, 1722, 1, 1, 4),
(26, 11, 1723, 1, 2, 3),
(26, 11, 1724, 1, 3, 4),
(26, 11, 1725, 1, 4, 3),
(26, 11, 1726, 1, 7, 4),
(27, 11, 1727, 1, 1, 3),
(27, 11, 1728, 1, 2, 5),
(27, 11, 1729, 1, 3, 4),
(27, 11, 1730, 1, 4, 4),
(27, 11, 1731, 1, 7, 4),
(28, 11, 1732, 1, 1, 4),
(28, 11, 1733, 1, 2, 3),
(28, 11, 1734, 1, 3, 3),
(28, 11, 1735, 1, 4, 5),
(28, 11, 1736, 1, 7, 4),
(29, 11, 1737, 1, 1, 5),
(29, 11, 1738, 1, 2, 3),
(29, 11, 1739, 1, 3, 5),
(29, 11, 1740, 1, 4, 5),
(29, 11, 1741, 1, 7, 5),
(30, 11, 1742, 1, 1, 3),
(30, 11, 1743, 1, 2, 5),
(30, 11, 1744, 1, 3, 4),
(30, 11, 1745, 1, 4, 3),
(30, 11, 1746, 1, 7, 4),
(31, 11, 1747, 1, 1, 5),
(31, 11, 1748, 1, 2, 5),
(31, 11, 1749, 1, 3, 3),
(31, 11, 1750, 1, 4, 5),
(31, 11, 1751, 1, 7, 5),
(32, 11, 1752, 1, 1, 3),
(32, 11, 1753, 1, 2, 5),
(32, 11, 1754, 1, 3, 5),
(32, 11, 1755, 1, 4, 5),
(32, 11, 1756, 1, 7, 5),
(33, 11, 1757, 1, 1, 4),
(33, 11, 1758, 1, 2, 3),
(33, 11, 1759, 1, 3, 4),
(33, 11, 1760, 1, 4, 5),
(33, 11, 1761, 1, 7, 4),
(34, 11, 1762, 1, 1, 5),
(34, 11, 1763, 1, 2, 4),
(34, 11, 1764, 1, 3, 5),
(34, 11, 1765, 1, 4, 3),
(34, 11, 1766, 1, 7, 4),
(35, 11, 1767, 1, 1, 3),
(35, 11, 1768, 1, 2, 3),
(35, 11, 1769, 1, 3, 3),
(35, 11, 1770, 1, 4, 5),
(35, 11, 1771, 1, 7, 4),
(36, 11, 1772, 1, 1, 4),
(36, 11, 1773, 1, 2, 4),
(36, 11, 1774, 1, 3, 5),
(36, 11, 1775, 1, 4, 4),
(36, 11, 1776, 1, 7, 4),
(37, 11, 1777, 1, 1, 3),
(37, 11, 1778, 1, 2, 4),
(37, 11, 1779, 1, 3, 3),
(37, 11, 1780, 1, 4, 3),
(37, 11, 1781, 1, 7, 3),
(38, 11, 1782, 1, 1, 4),
(38, 11, 1783, 1, 2, 5),
(38, 11, 1784, 1, 3, 5),
(38, 11, 1785, 1, 4, 4),
(38, 11, 1786, 1, 7, 5),
(39, 11, 1787, 1, 1, 5),
(39, 11, 1788, 1, 2, 5),
(39, 11, 1789, 1, 3, 5),
(39, 11, 1790, 1, 4, 4),
(39, 11, 1791, 1, 7, 5),
(40, 11, 1792, 1, 1, 5),
(40, 11, 1793, 1, 2, 5),
(40, 11, 1794, 1, 3, 3),
(40, 11, 1795, 1, 4, 4),
(40, 11, 1796, 1, 7, 4),
(41, 11, 1797, 1, 1, 5),
(41, 11, 1798, 1, 2, 4),
(41, 11, 1799, 1, 3, 4),
(41, 11, 1800, 1, 4, 5),
(41, 11, 1801, 1, 7, 5),
(42, 11, 1802, 1, 1, 5),
(42, 11, 1803, 1, 2, 5),
(42, 11, 1804, 1, 3, 5),
(42, 11, 1805, 1, 4, 4),
(42, 11, 1806, 1, 7, 5),
(43, 11, 1807, 1, 1, 3),
(43, 11, 1808, 1, 2, 3),
(43, 11, 1809, 1, 3, 4),
(43, 11, 1810, 1, 4, 4),
(43, 11, 1811, 1, 7, 4),
(44, 11, 1812, 1, 1, 4),
(44, 11, 1813, 1, 2, 4),
(44, 11, 1814, 1, 3, 4),
(44, 11, 1815, 1, 4, 4),
(44, 11, 1816, 1, 7, 4),
(45, 11, 1817, 1, 1, 5),
(45, 11, 1818, 1, 2, 4),
(45, 11, 1819, 1, 3, 4),
(45, 11, 1820, 1, 4, 4),
(45, 11, 1821, 1, 7, 4),
(46, 11, 1822, 1, 1, 4),
(46, 11, 1823, 1, 2, 4),
(46, 11, 1824, 1, 3, 3),
(46, 11, 1825, 1, 4, 3),
(46, 11, 1826, 1, 7, 4),
(47, 11, 1827, 1, 1, 3),
(47, 11, 1828, 1, 2, 4),
(47, 11, 1829, 1, 3, 5),
(47, 11, 1830, 1, 4, 4),
(47, 11, 1831, 1, 7, 4),
(48, 11, 1832, 1, 1, 5),
(48, 11, 1833, 1, 2, 3),
(48, 11, 1834, 1, 3, 5),
(48, 11, 1835, 1, 4, 5),
(48, 11, 1836, 1, 7, 5),
(49, 11, 1837, 1, 1, 3),
(49, 11, 1838, 1, 2, 3),
(49, 11, 1839, 1, 3, 4),
(49, 11, 1840, 1, 4, 4),
(49, 11, 1841, 1, 7, 4),
(50, 11, 1842, 1, 1, 5),
(50, 11, 1843, 1, 2, 5),
(50, 11, 1844, 1, 3, 3),
(50, 11, 1845, 1, 4, 5),
(50, 11, 1846, 1, 7, 5),
(51, 13, 1847, 1, 1, 5),
(51, 13, 1848, 1, 2, 5),
(51, 13, 1849, 1, 3, 5),
(51, 13, 1850, 1, 4, 5),
(51, 13, 1851, 1, 7, 5),
(52, 13, 1852, 1, 1, 4),
(52, 13, 1853, 1, 2, 5),
(52, 13, 1854, 1, 3, 5),
(52, 13, 1855, 1, 4, 4),
(52, 13, 1856, 1, 7, 5),
(53, 13, 1857, 1, 1, 5),
(53, 13, 1858, 1, 2, 5),
(53, 13, 1859, 1, 3, 5),
(53, 13, 1860, 1, 4, 5),
(53, 13, 1861, 1, 7, 5),
(54, 13, 1862, 1, 1, 4),
(54, 13, 1863, 1, 2, 3),
(54, 13, 1864, 1, 3, 4),
(54, 13, 1865, 1, 4, 3),
(54, 13, 1866, 1, 7, 4),
(55, 13, 1867, 1, 1, 3),
(55, 13, 1868, 1, 2, 3),
(55, 13, 1869, 1, 3, 5),
(55, 13, 1870, 1, 4, 5),
(55, 13, 1871, 1, 7, 4),
(56, 13, 1872, 1, 1, 3),
(56, 13, 1873, 1, 2, 5),
(56, 13, 1874, 1, 3, 5),
(56, 13, 1875, 1, 4, 4),
(56, 13, 1876, 1, 7, 4),
(57, 13, 1877, 1, 1, 4),
(57, 13, 1878, 1, 2, 4),
(57, 13, 1879, 1, 3, 4),
(57, 13, 1880, 1, 4, 4),
(57, 13, 1881, 1, 7, 4),
(58, 13, 1882, 1, 1, 5),
(58, 13, 1883, 1, 2, 5),
(58, 13, 1884, 1, 3, 4),
(58, 13, 1885, 1, 4, 5),
(58, 13, 1886, 1, 7, 5),
(59, 13, 1887, 1, 1, 3),
(59, 13, 1888, 1, 2, 3),
(59, 13, 1889, 1, 3, 4),
(59, 13, 1890, 1, 4, 3),
(59, 13, 1891, 1, 7, 3),
(60, 13, 1892, 1, 1, 5),
(60, 13, 1893, 1, 2, 4),
(60, 13, 1894, 1, 3, 4),
(60, 13, 1895, 1, 4, 3),
(60, 13, 1896, 1, 7, 4),
(61, 13, 1897, 1, 1, 4),
(61, 13, 1898, 1, 2, 3),
(61, 13, 1899, 1, 3, 4),
(61, 13, 1900, 1, 4, 5),
(61, 13, 1901, 1, 7, 4),
(62, 13, 1902, 1, 1, 4),
(62, 13, 1903, 1, 2, 4),
(62, 13, 1904, 1, 3, 5),
(62, 13, 1905, 1, 4, 5),
(62, 13, 1906, 1, 7, 5),
(63, 13, 1907, 1, 1, 5),
(63, 13, 1908, 1, 2, 3),
(63, 13, 1909, 1, 3, 4),
(63, 13, 1910, 1, 4, 5),
(63, 13, 1911, 1, 7, 4),
(64, 13, 1912, 1, 1, 4),
(64, 13, 1913, 1, 2, 3),
(64, 13, 1914, 1, 3, 4),
(64, 13, 1915, 1, 4, 3),
(64, 13, 1916, 1, 7, 4),
(65, 13, 1917, 1, 1, 5),
(65, 13, 1918, 1, 2, 5),
(65, 13, 1919, 1, 3, 5),
(65, 13, 1920, 1, 4, 4),
(65, 13, 1921, 1, 7, 5),
(66, 13, 1922, 1, 1, 3),
(66, 13, 1923, 1, 2, 4),
(66, 13, 1924, 1, 3, 3),
(66, 13, 1925, 1, 4, 3),
(66, 13, 1926, 1, 7, 3),
(67, 13, 1927, 1, 1, 3),
(67, 13, 1928, 1, 2, 3),
(67, 13, 1929, 1, 3, 4),
(67, 13, 1930, 1, 4, 4),
(67, 13, 1931, 1, 7, 4),
(68, 13, 1932, 1, 1, 5),
(68, 13, 1933, 1, 2, 3),
(68, 13, 1934, 1, 3, 4),
(68, 13, 1935, 1, 4, 5),
(68, 13, 1936, 1, 7, 4),
(69, 13, 1937, 1, 1, 4),
(69, 13, 1938, 1, 2, 5),
(69, 13, 1939, 1, 3, 3),
(69, 13, 1940, 1, 4, 3),
(69, 13, 1941, 1, 7, 4),
(70, 13, 1942, 1, 1, 5),
(70, 13, 1943, 1, 2, 5),
(70, 13, 1944, 1, 3, 5),
(70, 13, 1945, 1, 4, 5),
(70, 13, 1946, 1, 7, 5),
(1, 12, 1947, 1, 5, 5),
(1, 12, 1948, 1, 6, 5),
(1, 12, 1949, 1, 7, 5),
(2, 12, 1950, 1, 5, 4),
(2, 12, 1951, 1, 6, 4),
(2, 12, 1952, 1, 7, 4),
(3, 12, 1953, 1, 5, 5),
(3, 12, 1954, 1, 6, 5),
(3, 12, 1955, 1, 7, 5),
(4, 12, 1956, 1, 5, 4),
(4, 12, 1957, 1, 6, 3),
(4, 12, 1958, 1, 7, 4),
(5, 12, 1959, 1, 5, 4),
(5, 12, 1960, 1, 6, 4),
(5, 12, 1961, 1, 7, 4),
(6, 12, 1962, 1, 5, 3),
(6, 12, 1963, 1, 6, 4),
(6, 12, 1964, 1, 7, 4),
(7, 12, 1965, 1, 5, 5),
(7, 12, 1966, 1, 6, 4),
(7, 12, 1967, 1, 7, 5),
(8, 12, 1968, 1, 5, 5),
(8, 12, 1969, 1, 6, 3),
(8, 12, 1970, 1, 7, 4),
(9, 12, 1971, 1, 5, 4),
(9, 12, 1972, 1, 6, 5),
(9, 12, 1973, 1, 7, 5),
(10, 12, 1974, 1, 5, 5),
(10, 12, 1975, 1, 6, 3),
(10, 12, 1976, 1, 7, 4),
(11, 12, 1977, 1, 5, 4),
(11, 12, 1978, 1, 6, 3),
(11, 12, 1979, 1, 7, 4),
(12, 12, 1980, 1, 5, 4),
(12, 12, 1981, 1, 6, 3),
(12, 12, 1982, 1, 7, 4),
(13, 12, 1983, 1, 5, 4),
(13, 12, 1984, 1, 6, 5),
(13, 12, 1985, 1, 7, 5),
(14, 12, 1986, 1, 5, 4),
(14, 12, 1987, 1, 6, 3),
(14, 12, 1988, 1, 7, 4),
(15, 12, 1989, 1, 5, 5),
(15, 12, 1990, 1, 6, 4),
(15, 12, 1991, 1, 7, 5),
(16, 12, 1992, 1, 5, 4),
(16, 12, 1993, 1, 6, 3),
(16, 12, 1994, 1, 7, 4),
(17, 12, 1995, 1, 5, 5),
(17, 12, 1996, 1, 6, 5),
(17, 12, 1997, 1, 7, 5),
(18, 12, 1998, 1, 5, 4),
(18, 12, 1999, 1, 6, 3),
(18, 12, 2000, 1, 7, 4),
(19, 12, 2001, 1, 5, 4),
(19, 12, 2002, 1, 6, 4),
(19, 12, 2003, 1, 7, 4),
(20, 12, 2004, 1, 5, 5),
(20, 12, 2005, 1, 6, 5),
(20, 12, 2006, 1, 7, 5),
(21, 12, 2007, 1, 1, 5),
(21, 12, 2008, 1, 2, 5),
(21, 12, 2009, 1, 3, 3),
(21, 12, 2010, 1, 4, 3),
(21, 12, 2011, 1, 7, 4),
(22, 12, 2012, 1, 1, 5),
(22, 12, 2013, 1, 2, 4),
(22, 12, 2014, 1, 3, 5),
(22, 12, 2015, 1, 4, 4),
(22, 12, 2016, 1, 7, 5),
(23, 12, 2017, 1, 1, 5),
(23, 12, 2018, 1, 2, 4),
(23, 12, 2019, 1, 3, 5),
(23, 12, 2020, 1, 4, 5),
(23, 12, 2021, 1, 7, 5),
(24, 12, 2022, 1, 1, 4),
(24, 12, 2023, 1, 2, 3),
(24, 12, 2024, 1, 3, 4),
(24, 12, 2025, 1, 4, 4),
(24, 12, 2026, 1, 7, 4),
(25, 12, 2027, 1, 1, 3),
(25, 12, 2028, 1, 2, 5),
(25, 12, 2029, 1, 3, 4),
(25, 12, 2030, 1, 4, 4),
(25, 12, 2031, 1, 7, 4),
(26, 12, 2032, 1, 1, 4),
(26, 12, 2033, 1, 2, 3),
(26, 12, 2034, 1, 3, 4),
(26, 12, 2035, 1, 4, 3),
(26, 12, 2036, 1, 7, 4),
(27, 12, 2037, 1, 1, 3),
(27, 12, 2038, 1, 2, 5),
(27, 12, 2039, 1, 3, 4),
(27, 12, 2040, 1, 4, 4),
(27, 12, 2041, 1, 7, 4),
(28, 12, 2042, 1, 1, 4),
(28, 12, 2043, 1, 2, 3),
(28, 12, 2044, 1, 3, 3),
(28, 12, 2045, 1, 4, 5),
(28, 12, 2046, 1, 7, 4),
(29, 12, 2047, 1, 1, 5),
(29, 12, 2048, 1, 2, 3),
(29, 12, 2049, 1, 3, 5),
(29, 12, 2050, 1, 4, 5),
(29, 12, 2051, 1, 7, 5),
(30, 12, 2052, 1, 1, 3),
(30, 12, 2053, 1, 2, 5),
(30, 12, 2054, 1, 3, 4),
(30, 12, 2055, 1, 4, 3),
(30, 12, 2056, 1, 7, 4),
(31, 12, 2057, 1, 1, 5),
(31, 12, 2058, 1, 2, 5),
(31, 12, 2059, 1, 3, 3),
(31, 12, 2060, 1, 4, 5),
(31, 12, 2061, 1, 7, 5),
(32, 12, 2062, 1, 1, 3),
(32, 12, 2063, 1, 2, 5),
(32, 12, 2064, 1, 3, 5),
(32, 12, 2065, 1, 4, 5),
(32, 12, 2066, 1, 7, 5),
(33, 12, 2067, 1, 1, 4),
(33, 12, 2068, 1, 2, 3),
(33, 12, 2069, 1, 3, 4),
(33, 12, 2070, 1, 4, 5),
(33, 12, 2071, 1, 7, 4),
(34, 12, 2072, 1, 1, 5),
(34, 12, 2073, 1, 2, 4),
(34, 12, 2074, 1, 3, 5),
(34, 12, 2075, 1, 4, 3),
(34, 12, 2076, 1, 7, 4),
(35, 12, 2077, 1, 1, 3),
(35, 12, 2078, 1, 2, 3),
(35, 12, 2079, 1, 3, 3),
(35, 12, 2080, 1, 4, 5),
(35, 12, 2081, 1, 7, 4),
(36, 12, 2082, 1, 1, 4),
(36, 12, 2083, 1, 2, 4),
(36, 12, 2084, 1, 3, 5),
(36, 12, 2085, 1, 4, 4),
(36, 12, 2086, 1, 7, 4),
(37, 12, 2087, 1, 1, 3),
(37, 12, 2088, 1, 2, 4),
(37, 12, 2089, 1, 3, 3),
(37, 12, 2090, 1, 4, 3),
(37, 12, 2091, 1, 7, 3),
(38, 12, 2092, 1, 1, 4),
(38, 12, 2093, 1, 2, 5),
(38, 12, 2094, 1, 3, 5),
(38, 12, 2095, 1, 4, 4),
(38, 12, 2096, 1, 7, 5),
(39, 12, 2097, 1, 1, 5),
(39, 12, 2098, 1, 2, 5),
(39, 12, 2099, 1, 3, 5),
(39, 12, 2100, 1, 4, 4),
(39, 12, 2101, 1, 7, 5),
(40, 12, 2102, 1, 1, 5),
(40, 12, 2103, 1, 2, 5),
(40, 12, 2104, 1, 3, 3),
(40, 12, 2105, 1, 4, 4),
(40, 12, 2106, 1, 7, 4),
(41, 12, 2107, 1, 1, 5),
(41, 12, 2108, 1, 2, 4),
(41, 12, 2109, 1, 3, 4),
(41, 12, 2110, 1, 4, 5),
(41, 12, 2111, 1, 7, 5),
(42, 12, 2112, 1, 1, 5),
(42, 12, 2113, 1, 2, 5),
(42, 12, 2114, 1, 3, 5),
(42, 12, 2115, 1, 4, 4),
(42, 12, 2116, 1, 7, 5),
(43, 12, 2117, 1, 1, 3),
(43, 12, 2118, 1, 2, 3),
(43, 12, 2119, 1, 3, 4),
(43, 12, 2120, 1, 4, 4),
(43, 12, 2121, 1, 7, 4),
(44, 12, 2122, 1, 1, 4),
(44, 12, 2123, 1, 2, 4),
(44, 12, 2124, 1, 3, 4),
(44, 12, 2125, 1, 4, 4),
(44, 12, 2126, 1, 7, 4),
(45, 12, 2127, 1, 1, 5),
(45, 12, 2128, 1, 2, 4),
(45, 12, 2129, 1, 3, 4),
(45, 12, 2130, 1, 4, 4),
(45, 12, 2131, 1, 7, 4),
(46, 12, 2132, 1, 1, 4),
(46, 12, 2133, 1, 2, 4),
(46, 12, 2134, 1, 3, 3),
(46, 12, 2135, 1, 4, 3),
(46, 12, 2136, 1, 7, 4),
(47, 12, 2137, 1, 1, 3),
(47, 12, 2138, 1, 2, 4),
(47, 12, 2139, 1, 3, 5),
(47, 12, 2140, 1, 4, 4),
(47, 12, 2141, 1, 7, 4),
(48, 12, 2142, 1, 1, 5),
(48, 12, 2143, 1, 2, 3),
(48, 12, 2144, 1, 3, 5),
(48, 12, 2145, 1, 4, 5),
(48, 12, 2146, 1, 7, 5),
(49, 12, 2147, 1, 1, 3),
(49, 12, 2148, 1, 2, 3),
(49, 12, 2149, 1, 3, 4),
(49, 12, 2150, 1, 4, 4),
(49, 12, 2151, 1, 7, 4),
(50, 12, 2152, 1, 1, 5),
(50, 12, 2153, 1, 2, 5),
(50, 12, 2154, 1, 3, 3),
(50, 12, 2155, 1, 4, 5),
(50, 12, 2156, 1, 7, 5),
(51, 12, 2157, 1, 1, 5),
(51, 12, 2158, 1, 2, 5),
(51, 12, 2159, 1, 3, 5),
(51, 12, 2160, 1, 4, 5),
(51, 12, 2161, 1, 7, 5),
(52, 12, 2162, 1, 1, 4),
(52, 12, 2163, 1, 2, 5),
(52, 12, 2164, 1, 3, 5),
(52, 12, 2165, 1, 4, 4),
(52, 12, 2166, 1, 7, 5),
(53, 12, 2167, 1, 1, 5),
(53, 12, 2168, 1, 2, 5),
(53, 12, 2169, 1, 3, 5),
(53, 12, 2170, 1, 4, 5),
(53, 12, 2171, 1, 7, 5),
(54, 12, 2172, 1, 1, 4),
(54, 12, 2173, 1, 2, 3),
(54, 12, 2174, 1, 3, 4),
(54, 12, 2175, 1, 4, 3),
(54, 12, 2176, 1, 7, 4),
(55, 12, 2177, 1, 1, 3),
(55, 12, 2178, 1, 2, 3),
(55, 12, 2179, 1, 3, 5),
(55, 12, 2180, 1, 4, 5),
(55, 12, 2181, 1, 7, 4),
(56, 12, 2182, 1, 1, 3),
(56, 12, 2183, 1, 2, 5),
(56, 12, 2184, 1, 3, 5),
(56, 12, 2185, 1, 4, 4),
(56, 12, 2186, 1, 7, 4),
(57, 12, 2187, 1, 1, 4),
(57, 12, 2188, 1, 2, 4),
(57, 12, 2189, 1, 3, 4),
(57, 12, 2190, 1, 4, 4),
(57, 12, 2191, 1, 7, 4),
(58, 12, 2192, 1, 1, 5),
(58, 12, 2193, 1, 2, 5),
(58, 12, 2194, 1, 3, 4),
(58, 12, 2195, 1, 4, 5),
(58, 12, 2196, 1, 7, 5),
(59, 12, 2197, 1, 1, 3),
(59, 12, 2198, 1, 2, 3),
(59, 12, 2199, 1, 3, 4),
(59, 12, 2200, 1, 4, 3),
(59, 12, 2201, 1, 7, 3),
(60, 12, 2202, 1, 1, 5),
(60, 12, 2203, 1, 2, 4),
(60, 12, 2204, 1, 3, 4),
(60, 12, 2205, 1, 4, 3),
(60, 12, 2206, 1, 7, 4),
(61, 12, 2207, 1, 1, 4),
(61, 12, 2208, 1, 2, 3),
(61, 12, 2209, 1, 3, 4),
(61, 12, 2210, 1, 4, 5),
(61, 12, 2211, 1, 7, 4),
(62, 12, 2212, 1, 1, 4),
(62, 12, 2213, 1, 2, 4),
(62, 12, 2214, 1, 3, 5),
(62, 12, 2215, 1, 4, 5),
(62, 12, 2216, 1, 7, 5),
(63, 12, 2217, 1, 1, 5),
(63, 12, 2218, 1, 2, 3),
(63, 12, 2219, 1, 3, 4),
(63, 12, 2220, 1, 4, 5),
(63, 12, 2221, 1, 7, 4),
(64, 12, 2222, 1, 1, 4),
(64, 12, 2223, 1, 2, 3),
(64, 12, 2224, 1, 3, 4),
(64, 12, 2225, 1, 4, 3),
(64, 12, 2226, 1, 7, 4),
(65, 12, 2227, 1, 1, 5),
(65, 12, 2228, 1, 2, 5),
(65, 12, 2229, 1, 3, 5),
(65, 12, 2230, 1, 4, 4),
(65, 12, 2231, 1, 7, 5),
(66, 12, 2232, 1, 1, 3),
(66, 12, 2233, 1, 2, 4),
(66, 12, 2234, 1, 3, 3),
(66, 12, 2235, 1, 4, 3),
(66, 12, 2236, 1, 7, 3),
(67, 12, 2237, 1, 1, 3),
(67, 12, 2238, 1, 2, 3),
(67, 12, 2239, 1, 3, 4),
(67, 12, 2240, 1, 4, 4),
(67, 12, 2241, 1, 7, 4),
(68, 12, 2242, 1, 1, 5),
(68, 12, 2243, 1, 2, 3),
(68, 12, 2244, 1, 3, 4),
(68, 12, 2245, 1, 4, 5),
(68, 12, 2246, 1, 7, 4),
(69, 12, 2247, 1, 1, 4),
(69, 12, 2248, 1, 2, 5),
(69, 12, 2249, 1, 3, 3),
(69, 12, 2250, 1, 4, 3),
(69, 12, 2251, 1, 7, 4),
(70, 12, 2252, 1, 1, 5),
(70, 12, 2253, 1, 2, 5),
(70, 12, 2254, 1, 3, 5),
(70, 12, 2255, 1, 4, 5),
(70, 12, 2256, 1, 7, 5),
(1, 12, 2257, 1, 5, 5),
(1, 12, 2258, 1, 6, 5),
(1, 12, 2259, 1, 7, 5),
(2, 12, 2260, 1, 5, 4),
(2, 12, 2261, 1, 6, 4),
(2, 12, 2262, 1, 7, 4),
(3, 12, 2263, 1, 5, 5),
(3, 12, 2264, 1, 6, 5),
(3, 12, 2265, 1, 7, 5),
(4, 12, 2266, 1, 5, 4),
(4, 12, 2267, 1, 6, 3),
(4, 12, 2268, 1, 7, 4),
(5, 12, 2269, 1, 5, 4),
(5, 12, 2270, 1, 6, 4),
(5, 12, 2271, 1, 7, 4),
(6, 12, 2272, 1, 5, 3),
(6, 12, 2273, 1, 6, 4),
(6, 12, 2274, 1, 7, 4),
(7, 12, 2275, 1, 5, 5),
(7, 12, 2276, 1, 6, 4),
(7, 12, 2277, 1, 7, 5),
(8, 12, 2278, 1, 5, 5),
(8, 12, 2279, 1, 6, 3),
(8, 12, 2280, 1, 7, 4),
(9, 12, 2281, 1, 5, 4),
(9, 12, 2282, 1, 6, 5),
(9, 12, 2283, 1, 7, 5),
(10, 12, 2284, 1, 5, 5),
(10, 12, 2285, 1, 6, 3),
(10, 12, 2286, 1, 7, 4),
(11, 12, 2287, 1, 5, 4),
(11, 12, 2288, 1, 6, 3),
(11, 12, 2289, 1, 7, 4),
(12, 12, 2290, 1, 5, 4),
(12, 12, 2291, 1, 6, 3),
(12, 12, 2292, 1, 7, 4),
(13, 12, 2293, 1, 5, 4),
(13, 12, 2294, 1, 6, 5),
(13, 12, 2295, 1, 7, 5),
(14, 12, 2296, 1, 5, 4),
(14, 12, 2297, 1, 6, 3),
(14, 12, 2298, 1, 7, 4),
(15, 12, 2299, 1, 5, 5);
INSERT INTO `academicrecord` (`id_schoolchild`, `id_subject`, `id_academicrecord`, `id_academicyear`, `id_mark`, `mark`) VALUES
(15, 12, 2300, 1, 6, 4),
(15, 12, 2301, 1, 7, 5),
(16, 12, 2302, 1, 5, 4),
(16, 12, 2303, 1, 6, 3),
(16, 12, 2304, 1, 7, 4),
(17, 12, 2305, 1, 5, 5),
(17, 12, 2306, 1, 6, 5),
(17, 12, 2307, 1, 7, 5),
(18, 12, 2308, 1, 5, 4),
(18, 12, 2309, 1, 6, 3),
(18, 12, 2310, 1, 7, 4),
(19, 12, 2311, 1, 5, 4),
(19, 12, 2312, 1, 6, 4),
(19, 12, 2313, 1, 7, 4),
(20, 12, 2314, 1, 5, 5),
(20, 12, 2315, 1, 6, 5),
(20, 12, 2316, 1, 7, 5),
(21, 12, 2317, 1, 1, 5),
(21, 12, 2318, 1, 2, 5),
(21, 12, 2319, 1, 3, 3),
(21, 12, 2320, 1, 4, 3),
(21, 12, 2321, 1, 7, 4),
(22, 12, 2322, 1, 1, 5),
(22, 12, 2323, 1, 2, 4),
(22, 12, 2324, 1, 3, 5),
(22, 12, 2325, 1, 4, 4),
(22, 12, 2326, 1, 7, 5),
(23, 12, 2327, 1, 1, 5),
(23, 12, 2328, 1, 2, 4),
(23, 12, 2329, 1, 3, 5),
(23, 12, 2330, 1, 4, 5),
(23, 12, 2331, 1, 7, 5),
(24, 12, 2332, 1, 1, 4),
(24, 12, 2333, 1, 2, 3),
(24, 12, 2334, 1, 3, 4),
(24, 12, 2335, 1, 4, 4),
(24, 12, 2336, 1, 7, 4),
(25, 12, 2337, 1, 1, 3),
(25, 12, 2338, 1, 2, 5),
(25, 12, 2339, 1, 3, 4),
(25, 12, 2340, 1, 4, 4),
(25, 12, 2341, 1, 7, 4),
(26, 12, 2342, 1, 1, 4),
(26, 12, 2343, 1, 2, 3),
(26, 12, 2344, 1, 3, 4),
(26, 12, 2345, 1, 4, 3),
(26, 12, 2346, 1, 7, 4),
(27, 12, 2347, 1, 1, 3),
(27, 12, 2348, 1, 2, 5),
(27, 12, 2349, 1, 3, 4),
(27, 12, 2350, 1, 4, 4),
(27, 12, 2351, 1, 7, 4),
(28, 12, 2352, 1, 1, 4),
(28, 12, 2353, 1, 2, 3),
(28, 12, 2354, 1, 3, 3),
(28, 12, 2355, 1, 4, 5),
(28, 12, 2356, 1, 7, 4),
(29, 12, 2357, 1, 1, 5),
(29, 12, 2358, 1, 2, 3),
(29, 12, 2359, 1, 3, 5),
(29, 12, 2360, 1, 4, 5),
(29, 12, 2361, 1, 7, 5),
(30, 12, 2362, 1, 1, 3),
(30, 12, 2363, 1, 2, 5),
(30, 12, 2364, 1, 3, 4),
(30, 12, 2365, 1, 4, 3),
(30, 12, 2366, 1, 7, 4),
(31, 12, 2367, 1, 1, 5),
(31, 12, 2368, 1, 2, 5),
(31, 12, 2369, 1, 3, 3),
(31, 12, 2370, 1, 4, 5),
(31, 12, 2371, 1, 7, 5),
(32, 12, 2372, 1, 1, 3),
(32, 12, 2373, 1, 2, 5),
(32, 12, 2374, 1, 3, 5),
(32, 12, 2375, 1, 4, 5),
(32, 12, 2376, 1, 7, 5),
(33, 12, 2377, 1, 1, 4),
(33, 12, 2378, 1, 2, 3),
(33, 12, 2379, 1, 3, 4),
(33, 12, 2380, 1, 4, 5),
(33, 12, 2381, 1, 7, 4),
(34, 12, 2382, 1, 1, 5),
(34, 12, 2383, 1, 2, 4),
(34, 12, 2384, 1, 3, 5),
(34, 12, 2385, 1, 4, 3),
(34, 12, 2386, 1, 7, 4),
(35, 12, 2387, 1, 1, 3),
(35, 12, 2388, 1, 2, 3),
(35, 12, 2389, 1, 3, 3),
(35, 12, 2390, 1, 4, 5),
(35, 12, 2391, 1, 7, 4),
(36, 12, 2392, 1, 1, 4),
(36, 12, 2393, 1, 2, 4),
(36, 12, 2394, 1, 3, 5),
(36, 12, 2395, 1, 4, 4),
(36, 12, 2396, 1, 7, 4),
(37, 12, 2397, 1, 1, 3),
(37, 12, 2398, 1, 2, 4),
(37, 12, 2399, 1, 3, 3),
(37, 12, 2400, 1, 4, 3),
(37, 12, 2401, 1, 7, 3),
(38, 12, 2402, 1, 1, 4),
(38, 12, 2403, 1, 2, 5),
(38, 12, 2404, 1, 3, 5),
(38, 12, 2405, 1, 4, 4),
(38, 12, 2406, 1, 7, 5),
(39, 12, 2407, 1, 1, 5),
(39, 12, 2408, 1, 2, 5),
(39, 12, 2409, 1, 3, 5),
(39, 12, 2410, 1, 4, 4),
(39, 12, 2411, 1, 7, 5),
(40, 12, 2412, 1, 1, 5),
(40, 12, 2413, 1, 2, 5),
(40, 12, 2414, 1, 3, 3),
(40, 12, 2415, 1, 4, 4),
(40, 12, 2416, 1, 7, 4),
(41, 12, 2417, 1, 1, 5),
(41, 12, 2418, 1, 2, 4),
(41, 12, 2419, 1, 3, 4),
(41, 12, 2420, 1, 4, 5),
(41, 12, 2421, 1, 7, 5),
(42, 12, 2422, 1, 1, 5),
(42, 12, 2423, 1, 2, 5),
(42, 12, 2424, 1, 3, 5),
(42, 12, 2425, 1, 4, 4),
(42, 12, 2426, 1, 7, 5),
(43, 12, 2427, 1, 1, 3),
(43, 12, 2428, 1, 2, 3),
(43, 12, 2429, 1, 3, 4),
(43, 12, 2430, 1, 4, 4),
(43, 12, 2431, 1, 7, 4),
(44, 12, 2432, 1, 1, 4),
(44, 12, 2433, 1, 2, 4),
(44, 12, 2434, 1, 3, 4),
(44, 12, 2435, 1, 4, 4),
(44, 12, 2436, 1, 7, 4),
(45, 12, 2437, 1, 1, 5),
(45, 12, 2438, 1, 2, 4),
(45, 12, 2439, 1, 3, 4),
(45, 12, 2440, 1, 4, 4),
(45, 12, 2441, 1, 7, 4),
(46, 12, 2442, 1, 1, 4),
(46, 12, 2443, 1, 2, 4),
(46, 12, 2444, 1, 3, 3),
(46, 12, 2445, 1, 4, 3),
(46, 12, 2446, 1, 7, 4),
(47, 12, 2447, 1, 1, 3),
(47, 12, 2448, 1, 2, 4),
(47, 12, 2449, 1, 3, 5),
(47, 12, 2450, 1, 4, 4),
(47, 12, 2451, 1, 7, 4),
(48, 12, 2452, 1, 1, 5),
(48, 12, 2453, 1, 2, 3),
(48, 12, 2454, 1, 3, 5),
(48, 12, 2455, 1, 4, 5),
(48, 12, 2456, 1, 7, 5),
(49, 12, 2457, 1, 1, 3),
(49, 12, 2458, 1, 2, 3),
(49, 12, 2459, 1, 3, 4),
(49, 12, 2460, 1, 4, 4),
(49, 12, 2461, 1, 7, 4),
(50, 12, 2462, 1, 1, 5),
(50, 12, 2463, 1, 2, 5),
(50, 12, 2464, 1, 3, 3),
(50, 12, 2465, 1, 4, 5),
(50, 12, 2466, 1, 7, 5),
(51, 16, 2467, 1, 1, 5),
(51, 16, 2468, 1, 2, 5),
(51, 16, 2469, 1, 3, 5),
(51, 16, 2470, 1, 4, 5),
(51, 16, 2471, 1, 7, 5),
(52, 16, 2472, 1, 1, 4),
(52, 16, 2473, 1, 2, 5),
(52, 16, 2474, 1, 3, 5),
(52, 16, 2475, 1, 4, 4),
(52, 16, 2476, 1, 7, 5),
(53, 16, 2477, 1, 1, 5),
(53, 16, 2478, 1, 2, 5),
(53, 16, 2479, 1, 3, 5),
(53, 16, 2480, 1, 4, 5),
(53, 16, 2481, 1, 7, 5),
(54, 16, 2482, 1, 1, 4),
(54, 16, 2483, 1, 2, 3),
(54, 16, 2484, 1, 3, 4),
(54, 16, 2485, 1, 4, 3),
(54, 16, 2486, 1, 7, 4),
(55, 16, 2487, 1, 1, 3),
(55, 16, 2488, 1, 2, 3),
(55, 16, 2489, 1, 3, 5),
(55, 16, 2490, 1, 4, 5),
(55, 16, 2491, 1, 7, 4),
(56, 16, 2492, 1, 1, 3),
(56, 16, 2493, 1, 2, 5),
(56, 16, 2494, 1, 3, 5),
(56, 16, 2495, 1, 4, 4),
(56, 16, 2496, 1, 7, 4),
(57, 16, 2497, 1, 1, 4),
(57, 16, 2498, 1, 2, 4),
(57, 16, 2499, 1, 3, 4),
(57, 16, 2500, 1, 4, 4),
(57, 16, 2501, 1, 7, 4),
(58, 16, 2502, 1, 1, 5),
(58, 16, 2503, 1, 2, 5),
(58, 16, 2504, 1, 3, 4),
(58, 16, 2505, 1, 4, 5),
(58, 16, 2506, 1, 7, 5),
(59, 16, 2507, 1, 1, 3),
(59, 16, 2508, 1, 2, 3),
(59, 16, 2509, 1, 3, 4),
(59, 16, 2510, 1, 4, 3),
(59, 16, 2511, 1, 7, 3),
(60, 16, 2512, 1, 1, 5),
(60, 16, 2513, 1, 2, 4),
(60, 16, 2514, 1, 3, 4),
(60, 16, 2515, 1, 4, 3),
(60, 16, 2516, 1, 7, 4),
(61, 16, 2517, 1, 1, 4),
(61, 16, 2518, 1, 2, 3),
(61, 16, 2519, 1, 3, 4),
(61, 16, 2520, 1, 4, 5),
(61, 16, 2521, 1, 7, 4),
(62, 16, 2522, 1, 1, 4),
(62, 16, 2523, 1, 2, 4),
(62, 16, 2524, 1, 3, 5),
(62, 16, 2525, 1, 4, 5),
(62, 16, 2526, 1, 7, 5),
(63, 16, 2527, 1, 1, 5),
(63, 16, 2528, 1, 2, 3),
(63, 16, 2529, 1, 3, 4),
(63, 16, 2530, 1, 4, 5),
(63, 16, 2531, 1, 7, 4),
(64, 16, 2532, 1, 1, 4),
(64, 16, 2533, 1, 2, 3),
(64, 16, 2534, 1, 3, 4),
(64, 16, 2535, 1, 4, 3),
(64, 16, 2536, 1, 7, 4),
(65, 16, 2537, 1, 1, 5),
(65, 16, 2538, 1, 2, 5),
(65, 16, 2539, 1, 3, 5),
(65, 16, 2540, 1, 4, 4),
(65, 16, 2541, 1, 7, 5),
(66, 16, 2542, 1, 1, 3),
(66, 16, 2543, 1, 2, 4),
(66, 16, 2544, 1, 3, 3),
(66, 16, 2545, 1, 4, 3),
(66, 16, 2546, 1, 7, 3),
(67, 16, 2547, 1, 1, 3),
(67, 16, 2548, 1, 2, 3),
(67, 16, 2549, 1, 3, 4),
(67, 16, 2550, 1, 4, 4),
(67, 16, 2551, 1, 7, 4),
(68, 16, 2552, 1, 1, 5),
(68, 16, 2553, 1, 2, 3),
(68, 16, 2554, 1, 3, 4),
(68, 16, 2555, 1, 4, 5),
(68, 16, 2556, 1, 7, 4),
(69, 16, 2557, 1, 1, 4),
(69, 16, 2558, 1, 2, 5),
(69, 16, 2559, 1, 3, 3),
(69, 16, 2560, 1, 4, 3),
(69, 16, 2561, 1, 7, 4),
(70, 16, 2562, 1, 1, 5),
(70, 16, 2563, 1, 2, 5),
(70, 16, 2564, 1, 3, 5),
(70, 16, 2565, 1, 4, 5),
(70, 16, 2566, 1, 7, 5),
(1, 14, 2567, 1, 5, 5),
(1, 14, 2568, 1, 6, 5),
(1, 14, 2569, 1, 7, 5),
(2, 14, 2570, 1, 5, 4),
(2, 14, 2571, 1, 6, 4),
(2, 14, 2572, 1, 7, 4),
(3, 14, 2573, 1, 5, 5),
(3, 14, 2574, 1, 6, 5),
(3, 14, 2575, 1, 7, 5),
(4, 14, 2576, 1, 5, 4),
(4, 14, 2577, 1, 6, 3),
(4, 14, 2578, 1, 7, 4),
(5, 14, 2579, 1, 5, 4),
(5, 14, 2580, 1, 6, 4),
(5, 14, 2581, 1, 7, 4),
(6, 14, 2582, 1, 5, 3),
(6, 14, 2583, 1, 6, 4),
(6, 14, 2584, 1, 7, 4),
(7, 14, 2585, 1, 5, 5),
(7, 14, 2586, 1, 6, 4),
(7, 14, 2587, 1, 7, 5),
(8, 14, 2588, 1, 5, 5),
(8, 14, 2589, 1, 6, 3),
(8, 14, 2590, 1, 7, 4),
(9, 14, 2591, 1, 5, 4),
(9, 14, 2592, 1, 6, 5),
(9, 14, 2593, 1, 7, 5),
(10, 14, 2594, 1, 5, 5),
(10, 14, 2595, 1, 6, 3),
(10, 14, 2596, 1, 7, 4),
(11, 14, 2597, 1, 5, 4),
(11, 14, 2598, 1, 6, 3),
(11, 14, 2599, 1, 7, 4),
(12, 14, 2600, 1, 5, 4),
(12, 14, 2601, 1, 6, 3),
(12, 14, 2602, 1, 7, 4),
(13, 14, 2603, 1, 5, 4),
(13, 14, 2604, 1, 6, 5),
(13, 14, 2605, 1, 7, 5),
(14, 14, 2606, 1, 5, 4),
(14, 14, 2607, 1, 6, 3),
(14, 14, 2608, 1, 7, 4),
(15, 14, 2609, 1, 5, 5),
(15, 14, 2610, 1, 6, 4),
(15, 14, 2611, 1, 7, 5),
(16, 14, 2612, 1, 5, 4),
(16, 14, 2613, 1, 6, 3),
(16, 14, 2614, 1, 7, 4),
(17, 14, 2615, 1, 5, 5),
(17, 14, 2616, 1, 6, 5),
(17, 14, 2617, 1, 7, 5),
(18, 14, 2618, 1, 5, 4),
(18, 14, 2619, 1, 6, 3),
(18, 14, 2620, 1, 7, 4),
(19, 14, 2621, 1, 5, 4),
(19, 14, 2622, 1, 6, 4),
(19, 14, 2623, 1, 7, 4),
(20, 14, 2624, 1, 5, 5),
(20, 14, 2625, 1, 6, 5),
(20, 14, 2626, 1, 7, 5),
(21, 14, 2627, 1, 1, 5),
(21, 14, 2628, 1, 2, 5),
(21, 14, 2629, 1, 3, 3),
(21, 14, 2630, 1, 4, 3),
(21, 14, 2631, 1, 7, 4),
(22, 14, 2632, 1, 1, 5),
(22, 14, 2633, 1, 2, 4),
(22, 14, 2634, 1, 3, 5),
(22, 14, 2635, 1, 4, 4),
(22, 14, 2636, 1, 7, 5),
(23, 14, 2637, 1, 1, 5),
(23, 14, 2638, 1, 2, 4),
(23, 14, 2639, 1, 3, 5),
(23, 14, 2640, 1, 4, 5),
(23, 14, 2641, 1, 7, 5),
(24, 14, 2642, 1, 1, 4),
(24, 14, 2643, 1, 2, 3),
(24, 14, 2644, 1, 3, 4),
(24, 14, 2645, 1, 4, 4),
(24, 14, 2646, 1, 7, 4),
(25, 14, 2647, 1, 1, 3),
(25, 14, 2648, 1, 2, 5),
(25, 14, 2649, 1, 3, 4),
(25, 14, 2650, 1, 4, 4),
(25, 14, 2651, 1, 7, 4),
(26, 14, 2652, 1, 1, 4),
(26, 14, 2653, 1, 2, 3),
(26, 14, 2654, 1, 3, 4),
(26, 14, 2655, 1, 4, 3),
(26, 14, 2656, 1, 7, 4),
(27, 14, 2657, 1, 1, 3),
(27, 14, 2658, 1, 2, 5),
(27, 14, 2659, 1, 3, 4),
(27, 14, 2660, 1, 4, 4),
(27, 14, 2661, 1, 7, 4),
(28, 14, 2662, 1, 1, 4),
(28, 14, 2663, 1, 2, 3),
(28, 14, 2664, 1, 3, 3),
(28, 14, 2665, 1, 4, 5),
(28, 14, 2666, 1, 7, 4),
(29, 14, 2667, 1, 1, 5),
(29, 14, 2668, 1, 2, 3),
(29, 14, 2669, 1, 3, 5),
(29, 14, 2670, 1, 4, 5),
(29, 14, 2671, 1, 7, 5),
(30, 14, 2672, 1, 1, 3),
(30, 14, 2673, 1, 2, 5),
(30, 14, 2674, 1, 3, 4),
(30, 14, 2675, 1, 4, 3),
(30, 14, 2676, 1, 7, 4),
(31, 14, 2677, 1, 1, 5),
(31, 14, 2678, 1, 2, 5),
(31, 14, 2679, 1, 3, 3),
(31, 14, 2680, 1, 4, 5),
(31, 14, 2681, 1, 7, 5),
(32, 14, 2682, 1, 1, 3),
(32, 14, 2683, 1, 2, 5),
(32, 14, 2684, 1, 3, 5),
(32, 14, 2685, 1, 4, 5),
(32, 14, 2686, 1, 7, 5),
(33, 14, 2687, 1, 1, 4),
(33, 14, 2688, 1, 2, 3),
(33, 14, 2689, 1, 3, 4),
(33, 14, 2690, 1, 4, 5),
(33, 14, 2691, 1, 7, 4),
(34, 14, 2692, 1, 1, 5),
(34, 14, 2693, 1, 2, 4),
(34, 14, 2694, 1, 3, 5),
(34, 14, 2695, 1, 4, 3),
(34, 14, 2696, 1, 7, 4),
(35, 14, 2697, 1, 1, 3),
(35, 14, 2698, 1, 2, 3),
(35, 14, 2699, 1, 3, 3),
(35, 14, 2700, 1, 4, 5),
(35, 14, 2701, 1, 7, 4),
(36, 14, 2702, 1, 1, 4),
(36, 14, 2703, 1, 2, 4),
(36, 14, 2704, 1, 3, 5),
(36, 14, 2705, 1, 4, 4),
(36, 14, 2706, 1, 7, 4),
(37, 14, 2707, 1, 1, 3),
(37, 14, 2708, 1, 2, 4),
(37, 14, 2709, 1, 3, 3),
(37, 14, 2710, 1, 4, 3),
(37, 14, 2711, 1, 7, 3),
(38, 14, 2712, 1, 1, 4),
(38, 14, 2713, 1, 2, 5),
(38, 14, 2714, 1, 3, 5),
(38, 14, 2715, 1, 4, 4),
(38, 14, 2716, 1, 7, 5),
(39, 14, 2717, 1, 1, 5),
(39, 14, 2718, 1, 2, 5),
(39, 14, 2719, 1, 3, 5),
(39, 14, 2720, 1, 4, 4),
(39, 14, 2721, 1, 7, 5),
(40, 14, 2722, 1, 1, 5),
(40, 14, 2723, 1, 2, 5),
(40, 14, 2724, 1, 3, 3),
(40, 14, 2725, 1, 4, 4),
(40, 14, 2726, 1, 7, 4),
(41, 14, 2727, 1, 1, 5),
(41, 14, 2728, 1, 2, 4),
(41, 14, 2729, 1, 3, 4),
(41, 14, 2730, 1, 4, 5),
(41, 14, 2731, 1, 7, 5),
(42, 14, 2732, 1, 1, 5),
(42, 14, 2733, 1, 2, 5),
(42, 14, 2734, 1, 3, 5),
(42, 14, 2735, 1, 4, 4),
(42, 14, 2736, 1, 7, 5),
(43, 14, 2737, 1, 1, 3),
(43, 14, 2738, 1, 2, 3),
(43, 14, 2739, 1, 3, 4),
(43, 14, 2740, 1, 4, 4),
(43, 14, 2741, 1, 7, 4),
(44, 14, 2742, 1, 1, 4),
(44, 14, 2743, 1, 2, 4),
(44, 14, 2744, 1, 3, 4),
(44, 14, 2745, 1, 4, 4),
(44, 14, 2746, 1, 7, 4),
(45, 14, 2747, 1, 1, 5),
(45, 14, 2748, 1, 2, 4),
(45, 14, 2749, 1, 3, 4),
(45, 14, 2750, 1, 4, 4),
(45, 14, 2751, 1, 7, 4),
(46, 14, 2752, 1, 1, 4),
(46, 14, 2753, 1, 2, 4),
(46, 14, 2754, 1, 3, 3),
(46, 14, 2755, 1, 4, 3),
(46, 14, 2756, 1, 7, 4),
(47, 14, 2757, 1, 1, 3),
(47, 14, 2758, 1, 2, 4),
(47, 14, 2759, 1, 3, 5),
(47, 14, 2760, 1, 4, 4),
(47, 14, 2761, 1, 7, 4),
(48, 14, 2762, 1, 1, 5),
(48, 14, 2763, 1, 2, 3),
(48, 14, 2764, 1, 3, 5),
(48, 14, 2765, 1, 4, 5),
(48, 14, 2766, 1, 7, 5),
(49, 14, 2767, 1, 1, 3),
(49, 14, 2768, 1, 2, 3),
(49, 14, 2769, 1, 3, 4),
(49, 14, 2770, 1, 4, 4),
(49, 14, 2771, 1, 7, 4),
(50, 14, 2772, 1, 1, 5),
(50, 14, 2773, 1, 2, 5),
(50, 14, 2774, 1, 3, 3),
(50, 14, 2775, 1, 4, 5),
(50, 14, 2776, 1, 7, 5),
(51, 17, 2777, 1, 1, 5),
(51, 17, 2778, 1, 2, 5),
(51, 17, 2779, 1, 3, 5),
(51, 17, 2780, 1, 4, 5),
(51, 17, 2781, 1, 7, 5),
(52, 17, 2782, 1, 1, 4),
(52, 17, 2783, 1, 2, 5),
(52, 17, 2784, 1, 3, 5),
(52, 17, 2785, 1, 4, 4),
(52, 17, 2786, 1, 7, 5),
(53, 17, 2787, 1, 1, 5),
(53, 17, 2788, 1, 2, 5),
(53, 17, 2789, 1, 3, 5),
(53, 17, 2790, 1, 4, 5),
(53, 17, 2791, 1, 7, 5),
(54, 17, 2792, 1, 1, 4),
(54, 17, 2793, 1, 2, 3),
(54, 17, 2794, 1, 3, 4),
(54, 17, 2795, 1, 4, 3),
(54, 17, 2796, 1, 7, 4),
(55, 17, 2797, 1, 1, 3),
(55, 17, 2798, 1, 2, 3),
(55, 17, 2799, 1, 3, 5),
(55, 17, 2800, 1, 4, 5),
(55, 17, 2801, 1, 7, 4),
(56, 17, 2802, 1, 1, 3),
(56, 17, 2803, 1, 2, 5),
(56, 17, 2804, 1, 3, 5),
(56, 17, 2805, 1, 4, 4),
(56, 17, 2806, 1, 7, 4),
(57, 17, 2807, 1, 1, 4),
(57, 17, 2808, 1, 2, 4),
(57, 17, 2809, 1, 3, 4),
(57, 17, 2810, 1, 4, 4),
(57, 17, 2811, 1, 7, 4),
(58, 17, 2812, 1, 1, 5),
(58, 17, 2813, 1, 2, 5),
(58, 17, 2814, 1, 3, 4),
(58, 17, 2815, 1, 4, 5),
(58, 17, 2816, 1, 7, 5),
(59, 17, 2817, 1, 1, 3),
(59, 17, 2818, 1, 2, 3),
(59, 17, 2819, 1, 3, 4),
(59, 17, 2820, 1, 4, 3),
(59, 17, 2821, 1, 7, 3),
(60, 17, 2822, 1, 1, 5),
(60, 17, 2823, 1, 2, 4),
(60, 17, 2824, 1, 3, 4),
(60, 17, 2825, 1, 4, 3),
(60, 17, 2826, 1, 7, 4),
(61, 17, 2827, 1, 1, 4),
(61, 17, 2828, 1, 2, 3),
(61, 17, 2829, 1, 3, 4),
(61, 17, 2830, 1, 4, 5),
(61, 17, 2831, 1, 7, 4),
(62, 17, 2832, 1, 1, 4),
(62, 17, 2833, 1, 2, 4),
(62, 17, 2834, 1, 3, 5),
(62, 17, 2835, 1, 4, 5),
(62, 17, 2836, 1, 7, 5),
(63, 17, 2837, 1, 1, 5),
(63, 17, 2838, 1, 2, 3),
(63, 17, 2839, 1, 3, 4),
(63, 17, 2840, 1, 4, 5),
(63, 17, 2841, 1, 7, 4),
(64, 17, 2842, 1, 1, 4),
(64, 17, 2843, 1, 2, 3),
(64, 17, 2844, 1, 3, 4),
(64, 17, 2845, 1, 4, 3),
(64, 17, 2846, 1, 7, 4),
(65, 17, 2847, 1, 1, 5),
(65, 17, 2848, 1, 2, 5),
(65, 17, 2849, 1, 3, 5),
(65, 17, 2850, 1, 4, 4),
(65, 17, 2851, 1, 7, 5),
(66, 17, 2852, 1, 1, 3),
(66, 17, 2853, 1, 2, 4),
(66, 17, 2854, 1, 3, 3),
(66, 17, 2855, 1, 4, 3),
(66, 17, 2856, 1, 7, 3),
(67, 17, 2857, 1, 1, 3),
(67, 17, 2858, 1, 2, 3),
(67, 17, 2859, 1, 3, 4),
(67, 17, 2860, 1, 4, 4),
(67, 17, 2861, 1, 7, 4),
(68, 17, 2862, 1, 1, 5),
(68, 17, 2863, 1, 2, 3),
(68, 17, 2864, 1, 3, 4),
(68, 17, 2865, 1, 4, 5),
(68, 17, 2866, 1, 7, 4),
(69, 17, 2867, 1, 1, 4),
(69, 17, 2868, 1, 2, 5),
(69, 17, 2869, 1, 3, 3),
(69, 17, 2870, 1, 4, 3),
(69, 17, 2871, 1, 7, 4),
(70, 17, 2872, 1, 1, 5),
(70, 17, 2873, 1, 2, 5),
(70, 17, 2874, 1, 3, 5),
(70, 17, 2875, 1, 4, 5),
(70, 17, 2876, 1, 7, 5),
(1, 15, 2877, 1, 5, 5),
(1, 15, 2878, 1, 6, 5),
(1, 15, 2879, 1, 7, 5),
(2, 15, 2880, 1, 5, 4),
(2, 15, 2881, 1, 6, 4),
(2, 15, 2882, 1, 7, 4),
(3, 15, 2883, 1, 5, 5),
(3, 15, 2884, 1, 6, 5),
(3, 15, 2885, 1, 7, 5),
(4, 15, 2886, 1, 5, 4),
(4, 15, 2887, 1, 6, 3),
(4, 15, 2888, 1, 7, 4),
(5, 15, 2889, 1, 5, 4),
(5, 15, 2890, 1, 6, 4),
(5, 15, 2891, 1, 7, 4),
(6, 15, 2892, 1, 5, 3),
(6, 15, 2893, 1, 6, 4),
(6, 15, 2894, 1, 7, 4),
(7, 15, 2895, 1, 5, 5),
(7, 15, 2896, 1, 6, 4),
(7, 15, 2897, 1, 7, 5),
(8, 15, 2898, 1, 5, 5),
(8, 15, 2899, 1, 6, 3),
(8, 15, 2900, 1, 7, 4),
(9, 15, 2901, 1, 5, 4),
(9, 15, 2902, 1, 6, 5),
(9, 15, 2903, 1, 7, 5),
(10, 15, 2904, 1, 5, 5),
(10, 15, 2905, 1, 6, 3),
(10, 15, 2906, 1, 7, 4),
(11, 15, 2907, 1, 5, 4),
(11, 15, 2908, 1, 6, 3),
(11, 15, 2909, 1, 7, 4),
(12, 15, 2910, 1, 5, 4),
(12, 15, 2911, 1, 6, 3),
(12, 15, 2912, 1, 7, 4),
(13, 15, 2913, 1, 5, 4),
(13, 15, 2914, 1, 6, 5),
(13, 15, 2915, 1, 7, 5),
(14, 15, 2916, 1, 5, 4),
(14, 15, 2917, 1, 6, 3),
(14, 15, 2918, 1, 7, 4),
(15, 15, 2919, 1, 5, 5),
(15, 15, 2920, 1, 6, 4),
(15, 15, 2921, 1, 7, 5),
(16, 15, 2922, 1, 5, 4),
(16, 15, 2923, 1, 6, 3),
(16, 15, 2924, 1, 7, 4),
(17, 15, 2925, 1, 5, 5),
(17, 15, 2926, 1, 6, 5),
(17, 15, 2927, 1, 7, 5),
(18, 15, 2928, 1, 5, 4),
(18, 15, 2929, 1, 6, 3),
(18, 15, 2930, 1, 7, 4),
(19, 15, 2931, 1, 5, 4),
(19, 15, 2932, 1, 6, 4),
(19, 15, 2933, 1, 7, 4),
(20, 15, 2934, 1, 5, 5),
(20, 15, 2935, 1, 6, 5),
(20, 15, 2936, 1, 7, 5),
(21, 15, 2937, 1, 1, 5),
(21, 15, 2938, 1, 2, 5),
(21, 15, 2939, 1, 3, 3),
(21, 15, 2940, 1, 4, 3),
(21, 15, 2941, 1, 7, 4),
(22, 15, 2942, 1, 1, 5),
(22, 15, 2943, 1, 2, 4),
(22, 15, 2944, 1, 3, 5),
(22, 15, 2945, 1, 4, 4),
(22, 15, 2946, 1, 7, 5),
(23, 15, 2947, 1, 1, 5),
(23, 15, 2948, 1, 2, 4),
(23, 15, 2949, 1, 3, 5),
(23, 15, 2950, 1, 4, 5),
(23, 15, 2951, 1, 7, 5),
(24, 15, 2952, 1, 1, 4),
(24, 15, 2953, 1, 2, 3),
(24, 15, 2954, 1, 3, 4),
(24, 15, 2955, 1, 4, 4),
(24, 15, 2956, 1, 7, 4),
(25, 15, 2957, 1, 1, 3),
(25, 15, 2958, 1, 2, 5),
(25, 15, 2959, 1, 3, 4),
(25, 15, 2960, 1, 4, 4),
(25, 15, 2961, 1, 7, 4),
(26, 15, 2962, 1, 1, 4),
(26, 15, 2963, 1, 2, 3),
(26, 15, 2964, 1, 3, 4),
(26, 15, 2965, 1, 4, 3),
(26, 15, 2966, 1, 7, 4),
(27, 15, 2967, 1, 1, 3),
(27, 15, 2968, 1, 2, 5),
(27, 15, 2969, 1, 3, 4),
(27, 15, 2970, 1, 4, 4),
(27, 15, 2971, 1, 7, 4),
(28, 15, 2972, 1, 1, 4),
(28, 15, 2973, 1, 2, 3),
(28, 15, 2974, 1, 3, 3),
(28, 15, 2975, 1, 4, 5),
(28, 15, 2976, 1, 7, 4),
(29, 15, 2977, 1, 1, 5),
(29, 15, 2978, 1, 2, 3),
(29, 15, 2979, 1, 3, 5),
(29, 15, 2980, 1, 4, 5),
(29, 15, 2981, 1, 7, 5),
(30, 15, 2982, 1, 1, 3),
(30, 15, 2983, 1, 2, 5),
(30, 15, 2984, 1, 3, 4),
(30, 15, 2985, 1, 4, 3),
(30, 15, 2986, 1, 7, 4),
(31, 15, 2987, 1, 1, 5),
(31, 15, 2988, 1, 2, 5),
(31, 15, 2989, 1, 3, 3),
(31, 15, 2990, 1, 4, 5),
(31, 15, 2991, 1, 7, 5),
(32, 15, 2992, 1, 1, 3),
(32, 15, 2993, 1, 2, 5),
(32, 15, 2994, 1, 3, 5),
(32, 15, 2995, 1, 4, 5),
(32, 15, 2996, 1, 7, 5),
(33, 15, 2997, 1, 1, 4),
(33, 15, 2998, 1, 2, 3),
(33, 15, 2999, 1, 3, 4),
(33, 15, 3000, 1, 4, 5),
(33, 15, 3001, 1, 7, 4),
(34, 15, 3002, 1, 1, 5),
(34, 15, 3003, 1, 2, 4),
(34, 15, 3004, 1, 3, 5),
(34, 15, 3005, 1, 4, 3),
(34, 15, 3006, 1, 7, 4),
(35, 15, 3007, 1, 1, 3),
(35, 15, 3008, 1, 2, 3),
(35, 15, 3009, 1, 3, 3),
(35, 15, 3010, 1, 4, 5),
(35, 15, 3011, 1, 7, 4),
(36, 15, 3012, 1, 1, 4),
(36, 15, 3013, 1, 2, 4),
(36, 15, 3014, 1, 3, 5),
(36, 15, 3015, 1, 4, 4),
(36, 15, 3016, 1, 7, 4),
(37, 15, 3017, 1, 1, 3),
(37, 15, 3018, 1, 2, 4),
(37, 15, 3019, 1, 3, 3),
(37, 15, 3020, 1, 4, 3),
(37, 15, 3021, 1, 7, 3),
(38, 15, 3022, 1, 1, 4),
(38, 15, 3023, 1, 2, 5),
(38, 15, 3024, 1, 3, 5),
(38, 15, 3025, 1, 4, 4),
(38, 15, 3026, 1, 7, 5),
(39, 15, 3027, 1, 1, 5),
(39, 15, 3028, 1, 2, 5),
(39, 15, 3029, 1, 3, 5),
(39, 15, 3030, 1, 4, 4),
(39, 15, 3031, 1, 7, 5),
(40, 15, 3032, 1, 1, 5),
(40, 15, 3033, 1, 2, 5),
(40, 15, 3034, 1, 3, 3),
(40, 15, 3035, 1, 4, 4),
(40, 15, 3036, 1, 7, 4),
(41, 18, 3037, 1, 1, 5),
(41, 18, 3038, 1, 2, 4),
(41, 18, 3039, 1, 3, 4),
(41, 18, 3040, 1, 4, 5),
(41, 18, 3041, 1, 7, 5),
(42, 18, 3042, 1, 1, 5),
(42, 18, 3043, 1, 2, 5),
(42, 18, 3044, 1, 3, 5),
(42, 18, 3045, 1, 4, 4),
(42, 18, 3046, 1, 7, 5),
(43, 18, 3047, 1, 1, 3),
(43, 18, 3048, 1, 2, 3),
(43, 18, 3049, 1, 3, 4),
(43, 18, 3050, 1, 4, 4),
(43, 18, 3051, 1, 7, 4),
(44, 18, 3052, 1, 1, 4),
(44, 18, 3053, 1, 2, 4),
(44, 18, 3054, 1, 3, 4),
(44, 18, 3055, 1, 4, 4),
(44, 18, 3056, 1, 7, 4),
(45, 18, 3057, 1, 1, 5),
(45, 18, 3058, 1, 2, 4),
(45, 18, 3059, 1, 3, 4),
(45, 18, 3060, 1, 4, 4),
(45, 18, 3061, 1, 7, 4),
(46, 18, 3062, 1, 1, 4),
(46, 18, 3063, 1, 2, 4),
(46, 18, 3064, 1, 3, 3),
(46, 18, 3065, 1, 4, 3),
(46, 18, 3066, 1, 7, 4),
(47, 18, 3067, 1, 1, 3),
(47, 18, 3068, 1, 2, 4),
(47, 18, 3069, 1, 3, 5),
(47, 18, 3070, 1, 4, 4),
(47, 18, 3071, 1, 7, 4),
(48, 18, 3072, 1, 1, 5),
(48, 18, 3073, 1, 2, 3),
(48, 18, 3074, 1, 3, 5),
(48, 18, 3075, 1, 4, 5),
(48, 18, 3076, 1, 7, 5),
(49, 18, 3077, 1, 1, 3),
(49, 18, 3078, 1, 2, 3),
(49, 18, 3079, 1, 3, 4),
(49, 18, 3080, 1, 4, 4),
(49, 18, 3081, 1, 7, 4),
(50, 18, 3082, 1, 1, 5),
(50, 18, 3083, 1, 2, 5),
(50, 18, 3084, 1, 3, 3),
(50, 18, 3085, 1, 4, 5),
(50, 18, 3086, 1, 7, 5),
(51, 18, 3087, 1, 1, 5),
(51, 18, 3088, 1, 2, 5),
(51, 18, 3089, 1, 3, 5),
(51, 18, 3090, 1, 4, 5),
(51, 18, 3091, 1, 7, 5),
(52, 18, 3092, 1, 1, 4),
(52, 18, 3093, 1, 2, 5),
(52, 18, 3094, 1, 3, 5),
(52, 18, 3095, 1, 4, 4),
(52, 18, 3096, 1, 7, 5),
(53, 18, 3097, 1, 1, 5),
(53, 18, 3098, 1, 2, 5),
(53, 18, 3099, 1, 3, 5),
(53, 18, 3100, 1, 4, 5),
(53, 18, 3101, 1, 7, 5),
(54, 18, 3102, 1, 1, 4),
(54, 18, 3103, 1, 2, 3),
(54, 18, 3104, 1, 3, 4),
(54, 18, 3105, 1, 4, 3),
(54, 18, 3106, 1, 7, 4),
(55, 18, 3107, 1, 1, 3),
(55, 18, 3108, 1, 2, 3),
(55, 18, 3109, 1, 3, 5),
(55, 18, 3110, 1, 4, 5),
(55, 18, 3111, 1, 7, 4),
(56, 18, 3112, 1, 1, 3),
(56, 18, 3113, 1, 2, 5),
(56, 18, 3114, 1, 3, 5),
(56, 18, 3115, 1, 4, 4),
(56, 18, 3116, 1, 7, 4),
(57, 18, 3117, 1, 1, 4),
(57, 18, 3118, 1, 2, 4),
(57, 18, 3119, 1, 3, 4),
(57, 18, 3120, 1, 4, 4),
(57, 18, 3121, 1, 7, 4),
(58, 18, 3122, 1, 1, 5),
(58, 18, 3123, 1, 2, 5),
(58, 18, 3124, 1, 3, 4),
(58, 18, 3125, 1, 4, 5),
(58, 18, 3126, 1, 7, 5),
(59, 18, 3127, 1, 1, 3),
(59, 18, 3128, 1, 2, 3),
(59, 18, 3129, 1, 3, 4),
(59, 18, 3130, 1, 4, 3),
(59, 18, 3131, 1, 7, 3),
(60, 18, 3132, 1, 1, 5),
(60, 18, 3133, 1, 2, 4),
(60, 18, 3134, 1, 3, 4),
(60, 18, 3135, 1, 4, 3),
(60, 18, 3136, 1, 7, 4),
(61, 18, 3137, 1, 1, 4),
(61, 18, 3138, 1, 2, 3),
(61, 18, 3139, 1, 3, 4),
(61, 18, 3140, 1, 4, 5),
(61, 18, 3141, 1, 7, 4),
(62, 18, 3142, 1, 1, 4),
(62, 18, 3143, 1, 2, 4),
(62, 18, 3144, 1, 3, 5),
(62, 18, 3145, 1, 4, 5),
(62, 18, 3146, 1, 7, 5),
(63, 18, 3147, 1, 1, 5),
(63, 18, 3148, 1, 2, 3),
(63, 18, 3149, 1, 3, 4),
(63, 18, 3150, 1, 4, 5),
(63, 18, 3151, 1, 7, 4),
(64, 18, 3152, 1, 1, 4),
(64, 18, 3153, 1, 2, 3),
(64, 18, 3154, 1, 3, 4),
(64, 18, 3155, 1, 4, 3),
(64, 18, 3156, 1, 7, 4),
(65, 18, 3157, 1, 1, 5),
(65, 18, 3158, 1, 2, 5),
(65, 18, 3159, 1, 3, 5),
(65, 18, 3160, 1, 4, 4),
(65, 18, 3161, 1, 7, 5),
(66, 18, 3162, 1, 1, 3),
(66, 18, 3163, 1, 2, 4),
(66, 18, 3164, 1, 3, 3),
(66, 18, 3165, 1, 4, 3),
(66, 18, 3166, 1, 7, 3),
(67, 18, 3167, 1, 1, 3),
(67, 18, 3168, 1, 2, 3),
(67, 18, 3169, 1, 3, 4),
(67, 18, 3170, 1, 4, 4),
(67, 18, 3171, 1, 7, 4),
(68, 18, 3172, 1, 1, 5),
(68, 18, 3173, 1, 2, 3),
(68, 18, 3174, 1, 3, 4),
(68, 18, 3175, 1, 4, 5),
(68, 18, 3176, 1, 7, 4),
(69, 18, 3177, 1, 1, 4),
(69, 18, 3178, 1, 2, 5),
(69, 18, 3179, 1, 3, 3),
(69, 18, 3180, 1, 4, 3),
(69, 18, 3181, 1, 7, 4),
(70, 18, 3182, 1, 1, 5),
(70, 18, 3183, 1, 2, 5),
(70, 18, 3184, 1, 3, 5),
(70, 18, 3185, 1, 4, 5),
(70, 18, 3186, 1, 7, 5),
(1, 9, 3187, 1, 5, 5),
(1, 9, 3188, 1, 6, 5),
(1, 9, 3189, 1, 7, 5),
(2, 9, 3190, 1, 5, 4),
(2, 9, 3191, 1, 6, 4),
(2, 9, 3192, 1, 7, 4),
(3, 9, 3193, 1, 5, 5),
(3, 9, 3194, 1, 6, 5),
(3, 9, 3195, 1, 7, 5),
(4, 9, 3196, 1, 5, 4),
(4, 9, 3197, 1, 6, 3),
(4, 9, 3198, 1, 7, 4),
(5, 9, 3199, 1, 5, 4),
(5, 9, 3200, 1, 6, 4),
(5, 9, 3201, 1, 7, 4),
(6, 9, 3202, 1, 5, 3),
(6, 9, 3203, 1, 6, 4),
(6, 9, 3204, 1, 7, 4),
(7, 9, 3205, 1, 5, 5),
(7, 9, 3206, 1, 6, 4),
(7, 9, 3207, 1, 7, 5),
(8, 9, 3208, 1, 5, 5),
(8, 9, 3209, 1, 6, 3),
(8, 9, 3210, 1, 7, 4),
(9, 9, 3211, 1, 5, 4),
(9, 9, 3212, 1, 6, 5),
(9, 9, 3213, 1, 7, 5),
(10, 9, 3214, 1, 5, 5),
(10, 9, 3215, 1, 6, 3),
(10, 9, 3216, 1, 7, 4),
(11, 9, 3217, 1, 5, 4),
(11, 9, 3218, 1, 6, 3),
(11, 9, 3219, 1, 7, 4),
(12, 9, 3220, 1, 5, 4),
(12, 9, 3221, 1, 6, 3),
(12, 9, 3222, 1, 7, 4),
(13, 9, 3223, 1, 5, 4),
(13, 9, 3224, 1, 6, 5),
(13, 9, 3225, 1, 7, 5),
(14, 9, 3226, 1, 5, 4),
(14, 9, 3227, 1, 6, 3),
(14, 9, 3228, 1, 7, 4),
(15, 9, 3229, 1, 5, 5),
(15, 9, 3230, 1, 6, 4),
(15, 9, 3231, 1, 7, 5),
(16, 9, 3232, 1, 5, 4),
(16, 9, 3233, 1, 6, 3),
(16, 9, 3234, 1, 7, 4),
(17, 9, 3235, 1, 5, 5),
(17, 9, 3236, 1, 6, 5),
(17, 9, 3237, 1, 7, 5),
(18, 9, 3238, 1, 5, 4),
(18, 9, 3239, 1, 6, 3),
(18, 9, 3240, 1, 7, 4),
(19, 9, 3241, 1, 5, 4),
(19, 9, 3242, 1, 6, 4),
(19, 9, 3243, 1, 7, 4),
(20, 9, 3244, 1, 5, 5),
(20, 9, 3245, 1, 6, 5),
(20, 9, 3246, 1, 7, 5),
(21, 9, 3247, 1, 1, 5),
(21, 9, 3248, 1, 2, 5),
(21, 9, 3249, 1, 3, 3),
(21, 9, 3250, 1, 4, 3),
(21, 9, 3251, 1, 7, 4),
(22, 9, 3252, 1, 1, 5),
(22, 9, 3253, 1, 2, 4),
(22, 9, 3254, 1, 3, 5),
(22, 9, 3255, 1, 4, 4),
(22, 9, 3256, 1, 7, 5),
(23, 9, 3257, 1, 1, 5),
(23, 9, 3258, 1, 2, 4),
(23, 9, 3259, 1, 3, 5),
(23, 9, 3260, 1, 4, 5),
(23, 9, 3261, 1, 7, 5),
(24, 9, 3262, 1, 1, 4),
(24, 9, 3263, 1, 2, 3),
(24, 9, 3264, 1, 3, 4),
(24, 9, 3265, 1, 4, 4),
(24, 9, 3266, 1, 7, 4),
(25, 9, 3267, 1, 1, 3),
(25, 9, 3268, 1, 2, 5),
(25, 9, 3269, 1, 3, 4),
(25, 9, 3270, 1, 4, 4),
(25, 9, 3271, 1, 7, 4),
(26, 9, 3272, 1, 1, 4),
(26, 9, 3273, 1, 2, 3),
(26, 9, 3274, 1, 3, 4),
(26, 9, 3275, 1, 4, 3),
(26, 9, 3276, 1, 7, 4),
(27, 9, 3277, 1, 1, 3),
(27, 9, 3278, 1, 2, 5),
(27, 9, 3279, 1, 3, 4),
(27, 9, 3280, 1, 4, 4),
(27, 9, 3281, 1, 7, 4),
(28, 9, 3282, 1, 1, 4),
(28, 9, 3283, 1, 2, 3),
(28, 9, 3284, 1, 3, 3),
(28, 9, 3285, 1, 4, 5),
(28, 9, 3286, 1, 7, 4),
(29, 9, 3287, 1, 1, 5),
(29, 9, 3288, 1, 2, 3),
(29, 9, 3289, 1, 3, 5),
(29, 9, 3290, 1, 4, 5),
(29, 9, 3291, 1, 7, 5),
(30, 9, 3292, 1, 1, 3),
(30, 9, 3293, 1, 2, 5),
(30, 9, 3294, 1, 3, 4),
(30, 9, 3295, 1, 4, 3),
(30, 9, 3296, 1, 7, 4),
(31, 9, 3297, 1, 1, 5),
(31, 9, 3298, 1, 2, 5),
(31, 9, 3299, 1, 3, 3),
(31, 9, 3300, 1, 4, 5),
(31, 9, 3301, 1, 7, 5),
(32, 9, 3302, 1, 1, 3),
(32, 9, 3303, 1, 2, 5),
(32, 9, 3304, 1, 3, 5),
(32, 9, 3305, 1, 4, 5),
(32, 9, 3306, 1, 7, 5),
(33, 9, 3307, 1, 1, 4),
(33, 9, 3308, 1, 2, 3),
(33, 9, 3309, 1, 3, 4),
(33, 9, 3310, 1, 4, 5),
(33, 9, 3311, 1, 7, 4),
(34, 9, 3312, 1, 1, 5),
(34, 9, 3313, 1, 2, 4),
(34, 9, 3314, 1, 3, 5),
(34, 9, 3315, 1, 4, 3),
(34, 9, 3316, 1, 7, 4),
(35, 9, 3317, 1, 1, 3),
(35, 9, 3318, 1, 2, 3),
(35, 9, 3319, 1, 3, 3),
(35, 9, 3320, 1, 4, 5),
(35, 9, 3321, 1, 7, 4),
(36, 9, 3322, 1, 1, 4),
(36, 9, 3323, 1, 2, 4),
(36, 9, 3324, 1, 3, 5),
(36, 9, 3325, 1, 4, 4),
(36, 9, 3326, 1, 7, 4),
(37, 9, 3327, 1, 1, 3),
(37, 9, 3328, 1, 2, 4),
(37, 9, 3329, 1, 3, 3),
(37, 9, 3330, 1, 4, 3),
(37, 9, 3331, 1, 7, 3),
(38, 9, 3332, 1, 1, 4),
(38, 9, 3333, 1, 2, 5),
(38, 9, 3334, 1, 3, 5),
(38, 9, 3335, 1, 4, 4),
(38, 9, 3336, 1, 7, 5),
(39, 9, 3337, 1, 1, 5),
(39, 9, 3338, 1, 2, 5),
(39, 9, 3339, 1, 3, 5),
(39, 9, 3340, 1, 4, 4),
(39, 9, 3341, 1, 7, 5),
(40, 9, 3342, 1, 1, 5),
(40, 9, 3343, 1, 2, 5),
(40, 9, 3344, 1, 3, 3),
(40, 9, 3345, 1, 4, 4),
(40, 9, 3346, 1, 7, 4),
(41, 10, 3347, 1, 1, 5),
(41, 10, 3348, 1, 2, 4),
(41, 10, 3349, 1, 3, 4),
(41, 10, 3350, 1, 4, 5),
(41, 10, 3351, 1, 7, 5),
(42, 10, 3352, 1, 1, 5),
(42, 10, 3353, 1, 2, 5),
(42, 10, 3354, 1, 3, 5),
(42, 10, 3355, 1, 4, 4),
(42, 10, 3356, 1, 7, 5),
(43, 10, 3357, 1, 1, 3),
(43, 10, 3358, 1, 2, 3),
(43, 10, 3359, 1, 3, 4),
(43, 10, 3360, 1, 4, 4),
(43, 10, 3361, 1, 7, 4),
(44, 10, 3362, 1, 1, 4),
(44, 10, 3363, 1, 2, 4),
(44, 10, 3364, 1, 3, 4),
(44, 10, 3365, 1, 4, 4),
(44, 10, 3366, 1, 7, 4),
(45, 10, 3367, 1, 1, 5),
(45, 10, 3368, 1, 2, 4),
(45, 10, 3369, 1, 3, 4),
(45, 10, 3370, 1, 4, 4),
(45, 10, 3371, 1, 7, 4),
(46, 10, 3372, 1, 1, 4),
(46, 10, 3373, 1, 2, 4),
(46, 10, 3374, 1, 3, 3),
(46, 10, 3375, 1, 4, 3),
(46, 10, 3376, 1, 7, 4),
(47, 10, 3377, 1, 1, 3),
(47, 10, 3378, 1, 2, 4),
(47, 10, 3379, 1, 3, 5),
(47, 10, 3380, 1, 4, 4),
(47, 10, 3381, 1, 7, 4),
(48, 10, 3382, 1, 1, 5),
(48, 10, 3383, 1, 2, 3),
(48, 10, 3384, 1, 3, 5),
(48, 10, 3385, 1, 4, 5),
(48, 10, 3386, 1, 7, 5),
(49, 10, 3387, 1, 1, 3),
(49, 10, 3388, 1, 2, 3),
(49, 10, 3389, 1, 3, 4),
(49, 10, 3390, 1, 4, 4),
(49, 10, 3391, 1, 7, 4),
(50, 10, 3392, 1, 1, 5),
(50, 10, 3393, 1, 2, 5),
(50, 10, 3394, 1, 3, 3),
(50, 10, 3395, 1, 4, 5),
(50, 10, 3396, 1, 7, 5),
(51, 10, 3397, 1, 1, 5),
(51, 10, 3398, 1, 2, 5),
(51, 10, 3399, 1, 3, 5),
(51, 10, 3400, 1, 4, 5),
(51, 10, 3401, 1, 7, 5),
(52, 10, 3402, 1, 1, 4),
(52, 10, 3403, 1, 2, 5),
(52, 10, 3404, 1, 3, 5),
(52, 10, 3405, 1, 4, 4),
(52, 10, 3406, 1, 7, 5),
(53, 10, 3407, 1, 1, 5),
(53, 10, 3408, 1, 2, 5),
(53, 10, 3409, 1, 3, 5),
(53, 10, 3410, 1, 4, 5),
(53, 10, 3411, 1, 7, 5),
(54, 10, 3412, 1, 1, 4),
(54, 10, 3413, 1, 2, 3),
(54, 10, 3414, 1, 3, 4),
(54, 10, 3415, 1, 4, 3),
(54, 10, 3416, 1, 7, 4),
(55, 10, 3417, 1, 1, 3),
(55, 10, 3418, 1, 2, 3),
(55, 10, 3419, 1, 3, 5),
(55, 10, 3420, 1, 4, 5),
(55, 10, 3421, 1, 7, 4),
(56, 10, 3422, 1, 1, 3),
(56, 10, 3423, 1, 2, 5),
(56, 10, 3424, 1, 3, 5),
(56, 10, 3425, 1, 4, 4),
(56, 10, 3426, 1, 7, 4),
(57, 10, 3427, 1, 1, 4),
(57, 10, 3428, 1, 2, 4),
(57, 10, 3429, 1, 3, 4),
(57, 10, 3430, 1, 4, 4),
(57, 10, 3431, 1, 7, 4),
(58, 10, 3432, 1, 1, 5),
(58, 10, 3433, 1, 2, 5),
(58, 10, 3434, 1, 3, 4),
(58, 10, 3435, 1, 4, 5),
(58, 10, 3436, 1, 7, 5),
(59, 10, 3437, 1, 1, 3),
(59, 10, 3438, 1, 2, 3),
(59, 10, 3439, 1, 3, 4),
(59, 10, 3440, 1, 4, 3),
(59, 10, 3441, 1, 7, 3),
(60, 10, 3442, 1, 1, 5),
(60, 10, 3443, 1, 2, 4),
(60, 10, 3444, 1, 3, 4),
(60, 10, 3445, 1, 4, 3),
(60, 10, 3446, 1, 7, 4),
(1, 10, 3447, 1, 5, 4),
(1, 10, 3448, 1, 6, 3),
(1, 10, 3449, 1, 7, 4),
(2, 10, 3450, 1, 5, 5),
(2, 10, 3451, 1, 6, 4),
(2, 10, 3452, 1, 7, 4),
(3, 10, 3453, 1, 5, 4),
(3, 10, 3454, 1, 6, 5),
(3, 10, 3455, 1, 7, 5),
(4, 10, 3456, 1, 5, 5),
(4, 10, 3457, 1, 6, 5),
(4, 10, 3458, 1, 7, 3),
(5, 10, 3459, 1, 5, 4),
(5, 10, 3460, 1, 6, 5),
(5, 10, 3461, 1, 7, 4),
(6, 10, 3462, 1, 5, 4),
(6, 10, 3463, 1, 6, 3),
(6, 10, 3464, 1, 7, 4),
(7, 10, 3465, 1, 5, 3),
(7, 10, 3466, 1, 6, 4),
(7, 10, 3467, 1, 7, 5),
(8, 10, 3468, 1, 5, 5),
(8, 10, 3469, 1, 6, 5),
(8, 10, 3470, 1, 7, 4),
(9, 10, 3471, 1, 5, 5),
(9, 10, 3472, 1, 6, 3),
(9, 10, 3473, 1, 7, 4),
(10, 10, 3474, 1, 5, 3),
(10, 10, 3475, 1, 6, 3),
(10, 10, 3476, 1, 7, 3),
(11, 10, 3477, 1, 5, 3),
(11, 10, 3478, 1, 6, 3),
(11, 10, 3479, 1, 7, 4),
(12, 10, 3480, 1, 5, 4),
(12, 10, 3481, 1, 6, 4),
(12, 10, 3482, 1, 7, 5),
(13, 10, 3483, 1, 5, 3),
(13, 10, 3484, 1, 6, 4),
(13, 10, 3485, 1, 7, 5),
(14, 10, 3486, 1, 5, 4),
(14, 10, 3487, 1, 6, 4),
(14, 10, 3488, 1, 7, 5),
(15, 10, 3489, 1, 5, 3),
(15, 10, 3490, 1, 6, 3),
(15, 10, 3491, 1, 7, 4),
(16, 10, 3492, 1, 5, 5),
(16, 10, 3493, 1, 6, 5),
(16, 10, 3494, 1, 7, 5),
(17, 10, 3495, 1, 5, 5),
(17, 10, 3496, 1, 6, 5),
(17, 10, 3497, 1, 7, 5),
(18, 10, 3498, 1, 5, 5),
(18, 10, 3499, 1, 6, 5),
(18, 10, 3500, 1, 7, 4),
(19, 10, 3501, 1, 5, 4),
(19, 10, 3502, 1, 6, 4),
(19, 10, 3503, 1, 7, 5),
(20, 10, 3504, 1, 5, 5),
(20, 10, 3505, 1, 6, 5),
(20, 10, 3506, 1, 7, 4),
(21, 10, 3507, 1, 1, 3),
(21, 10, 3508, 1, 2, 4),
(21, 10, 3509, 1, 3, 4),
(21, 10, 3510, 1, 4, 4),
(21, 10, 3511, 1, 7, 4),
(22, 10, 3512, 1, 1, 3),
(22, 10, 3513, 1, 2, 4),
(22, 10, 3514, 1, 3, 4),
(22, 10, 3515, 1, 4, 5),
(22, 10, 3516, 1, 7, 4),
(23, 10, 3517, 1, 1, 5),
(23, 10, 3518, 1, 2, 5),
(23, 10, 3519, 1, 3, 3),
(23, 10, 3520, 1, 4, 4),
(23, 10, 3521, 1, 7, 4),
(24, 10, 3522, 1, 1, 5),
(24, 10, 3523, 1, 2, 5),
(24, 10, 3524, 1, 3, 5),
(24, 10, 3525, 1, 4, 3),
(24, 10, 3526, 1, 7, 4),
(25, 10, 3527, 1, 1, 4),
(25, 10, 3528, 1, 2, 3),
(25, 10, 3529, 1, 3, 4),
(25, 10, 3530, 1, 4, 4),
(25, 10, 3531, 1, 7, 3),
(26, 10, 3532, 1, 1, 4),
(26, 10, 3533, 1, 2, 4),
(26, 10, 3534, 1, 3, 5),
(26, 10, 3535, 1, 4, 5),
(26, 10, 3536, 1, 7, 4),
(27, 10, 3537, 1, 1, 3),
(27, 10, 3538, 1, 2, 4),
(27, 10, 3539, 1, 3, 5),
(27, 10, 3540, 1, 4, 4),
(27, 10, 3541, 1, 7, 5),
(28, 10, 3542, 1, 1, 4),
(28, 10, 3543, 1, 2, 3),
(28, 10, 3544, 1, 3, 4),
(28, 10, 3545, 1, 4, 5),
(28, 10, 3546, 1, 7, 5),
(29, 10, 3547, 1, 1, 5),
(29, 10, 3548, 1, 2, 4),
(29, 10, 3549, 1, 3, 3),
(29, 10, 3550, 1, 4, 4),
(29, 10, 3551, 1, 7, 4),
(30, 10, 3552, 1, 1, 4),
(30, 10, 3553, 1, 2, 4),
(30, 10, 3554, 1, 3, 5),
(30, 10, 3555, 1, 4, 5),
(30, 10, 3556, 1, 7, 5),
(31, 10, 3557, 1, 1, 5),
(31, 10, 3558, 1, 2, 5),
(31, 10, 3559, 1, 3, 3),
(31, 10, 3560, 1, 4, 3),
(31, 10, 3561, 1, 7, 4),
(32, 10, 3562, 1, 1, 5),
(32, 10, 3563, 1, 2, 4),
(32, 10, 3564, 1, 3, 5),
(32, 10, 3565, 1, 4, 4),
(32, 10, 3566, 1, 7, 5),
(33, 10, 3567, 1, 1, 5),
(33, 10, 3568, 1, 2, 4),
(33, 10, 3569, 1, 3, 5),
(33, 10, 3570, 1, 4, 5),
(33, 10, 3571, 1, 7, 5),
(34, 10, 3572, 1, 1, 4),
(34, 10, 3573, 1, 2, 3),
(34, 10, 3574, 1, 3, 4),
(34, 10, 3575, 1, 4, 4),
(34, 10, 3576, 1, 7, 4),
(35, 10, 3577, 1, 1, 3),
(35, 10, 3578, 1, 2, 5),
(35, 10, 3579, 1, 3, 4),
(35, 10, 3580, 1, 4, 4),
(35, 10, 3581, 1, 7, 4),
(36, 10, 3582, 1, 1, 4),
(36, 10, 3583, 1, 2, 3),
(36, 10, 3584, 1, 3, 4),
(36, 10, 3585, 1, 4, 3),
(36, 10, 3586, 1, 7, 4),
(37, 10, 3587, 1, 1, 3),
(37, 10, 3588, 1, 2, 5),
(37, 10, 3589, 1, 3, 4),
(37, 10, 3590, 1, 4, 4),
(37, 10, 3591, 1, 7, 4),
(38, 10, 3592, 1, 1, 4),
(38, 10, 3593, 1, 2, 3),
(38, 10, 3594, 1, 3, 3),
(38, 10, 3595, 1, 4, 5),
(38, 10, 3596, 1, 7, 4),
(39, 10, 3597, 1, 1, 5),
(39, 10, 3598, 1, 2, 3),
(39, 10, 3599, 1, 3, 5),
(39, 10, 3600, 1, 4, 5),
(39, 10, 3601, 1, 7, 5),
(40, 10, 3602, 1, 1, 3),
(40, 10, 3603, 1, 2, 5),
(40, 10, 3604, 1, 3, 4),
(40, 10, 3605, 1, 4, 3),
(40, 10, 3606, 1, 7, 4),
(1, 6, 3607, 1, 5, 5),
(1, 6, 3608, 1, 6, 5),
(1, 6, 3609, 1, 7, 5),
(2, 6, 3610, 1, 5, 4),
(2, 6, 3611, 1, 6, 4),
(2, 6, 3612, 1, 7, 4),
(3, 6, 3613, 1, 5, 5),
(3, 6, 3614, 1, 6, 5),
(3, 6, 3615, 1, 7, 5),
(4, 6, 3616, 1, 5, 4),
(4, 6, 3617, 1, 6, 3),
(4, 6, 3618, 1, 7, 4),
(5, 6, 3619, 1, 5, 4),
(5, 6, 3620, 1, 6, 4),
(5, 6, 3621, 1, 7, 4),
(6, 6, 3622, 1, 5, 3),
(6, 6, 3623, 1, 6, 4),
(6, 6, 3624, 1, 7, 4),
(7, 6, 3625, 1, 5, 5),
(7, 6, 3626, 1, 6, 4),
(7, 6, 3627, 1, 7, 5),
(8, 6, 3628, 1, 5, 5),
(8, 6, 3629, 1, 6, 3),
(8, 6, 3630, 1, 7, 4),
(9, 6, 3631, 1, 5, 4),
(9, 6, 3632, 1, 6, 5),
(9, 6, 3633, 1, 7, 5),
(10, 6, 3634, 1, 5, 5),
(10, 6, 3635, 1, 6, 3),
(10, 6, 3636, 1, 7, 4),
(11, 6, 3637, 1, 5, 4),
(11, 6, 3638, 1, 6, 3),
(11, 6, 3639, 1, 7, 4),
(12, 6, 3640, 1, 5, 4),
(12, 6, 3641, 1, 6, 3),
(12, 6, 3642, 1, 7, 4),
(13, 6, 3643, 1, 5, 4),
(13, 6, 3644, 1, 6, 5),
(13, 6, 3645, 1, 7, 5),
(14, 6, 3646, 1, 5, 4),
(14, 6, 3647, 1, 6, 3),
(14, 6, 3648, 1, 7, 4),
(15, 6, 3649, 1, 5, 5),
(15, 6, 3650, 1, 6, 4),
(15, 6, 3651, 1, 7, 5),
(16, 6, 3652, 1, 5, 4),
(16, 6, 3653, 1, 6, 3),
(16, 6, 3654, 1, 7, 4),
(17, 6, 3655, 1, 5, 5),
(17, 6, 3656, 1, 6, 5),
(17, 6, 3657, 1, 7, 5),
(18, 6, 3658, 1, 5, 4),
(18, 6, 3659, 1, 6, 3),
(18, 6, 3660, 1, 7, 4),
(19, 6, 3661, 1, 5, 4),
(19, 6, 3662, 1, 6, 4),
(19, 6, 3663, 1, 7, 4),
(20, 6, 3664, 1, 5, 5),
(20, 6, 3665, 1, 6, 5),
(20, 6, 3666, 1, 7, 5),
(21, 6, 3667, 1, 1, 5),
(21, 6, 3668, 1, 2, 5),
(21, 6, 3669, 1, 3, 3),
(21, 6, 3670, 1, 4, 3),
(21, 6, 3671, 1, 7, 4),
(22, 6, 3672, 1, 1, 5),
(22, 6, 3673, 1, 2, 4),
(22, 6, 3674, 1, 3, 5),
(22, 6, 3675, 1, 4, 4),
(22, 6, 3676, 1, 7, 5),
(23, 6, 3677, 1, 1, 5),
(23, 6, 3678, 1, 2, 4),
(23, 6, 3679, 1, 3, 5),
(23, 6, 3680, 1, 4, 5),
(23, 6, 3681, 1, 7, 5),
(24, 6, 3682, 1, 1, 4),
(24, 6, 3683, 1, 2, 3),
(24, 6, 3684, 1, 3, 4),
(24, 6, 3685, 1, 4, 4),
(24, 6, 3686, 1, 7, 4),
(25, 6, 3687, 1, 1, 3),
(25, 6, 3688, 1, 2, 5),
(25, 6, 3689, 1, 3, 4),
(25, 6, 3690, 1, 4, 4),
(25, 6, 3691, 1, 7, 4),
(26, 6, 3692, 1, 1, 4),
(26, 6, 3693, 1, 2, 3),
(26, 6, 3694, 1, 3, 4),
(26, 6, 3695, 1, 4, 3),
(26, 6, 3696, 1, 7, 4),
(27, 6, 3697, 1, 1, 3),
(27, 6, 3698, 1, 2, 5),
(27, 6, 3699, 1, 3, 4),
(27, 6, 3700, 1, 4, 4),
(27, 6, 3701, 1, 7, 4),
(28, 6, 3702, 1, 1, 4),
(28, 6, 3703, 1, 2, 3),
(28, 6, 3704, 1, 3, 3),
(28, 6, 3705, 1, 4, 5),
(28, 6, 3706, 1, 7, 4),
(29, 6, 3707, 1, 1, 5),
(29, 6, 3708, 1, 2, 3),
(29, 6, 3709, 1, 3, 5),
(29, 6, 3710, 1, 4, 5),
(29, 6, 3711, 1, 7, 5),
(30, 6, 3712, 1, 1, 3),
(30, 6, 3713, 1, 2, 5),
(30, 6, 3714, 1, 3, 4),
(30, 6, 3715, 1, 4, 3),
(30, 6, 3716, 1, 7, 4),
(15, 2, 3717, 1, 5, 3),
(15, 2, 3718, 1, 6, 4),
(15, 2, 3719, 1, 7, 4),
(16, 2, 3720, 1, 5, 4),
(16, 2, 3721, 1, 6, 5),
(16, 2, 3722, 1, 7, 5),
(17, 2, 3723, 1, 5, 3),
(17, 2, 3724, 1, 6, 3),
(17, 2, 3725, 1, 7, 4),
(18, 2, 3726, 1, 5, 4),
(18, 2, 3727, 1, 6, 5),
(18, 2, 3728, 1, 7, 3),
(19, 2, 3729, 1, 5, 4),
(19, 2, 3730, 1, 6, 3),
(19, 2, 3731, 1, 7, 3),
(20, 2, 3732, 1, 5, 3),
(20, 2, 3733, 1, 6, 5),
(20, 2, 3734, 1, 7, 4),
(21, 2, 3735, 1, 1, 4),
(21, 2, 3736, 1, 2, 3),
(21, 2, 3737, 1, 3, 4),
(21, 2, 3738, 1, 4, 4),
(21, 2, 3739, 1, 7, 4),
(22, 2, 3740, 1, 1, 3),
(22, 2, 3741, 1, 2, 5),
(22, 2, 3742, 1, 3, 4),
(22, 2, 3743, 1, 4, 3),
(22, 2, 3744, 1, 7, 4),
(23, 2, 3745, 1, 1, 5),
(23, 2, 3746, 1, 2, 5),
(23, 2, 3747, 1, 3, 4),
(23, 2, 3748, 1, 4, 3),
(23, 2, 3749, 1, 7, 5),
(24, 2, 3750, 1, 1, 4),
(24, 2, 3751, 1, 2, 3),
(24, 2, 3752, 1, 3, 5),
(24, 2, 3753, 1, 4, 5),
(24, 2, 3754, 1, 7, 3),
(25, 2, 3755, 1, 1, 4),
(25, 2, 3756, 1, 2, 3),
(25, 2, 3757, 1, 3, 5),
(25, 2, 3758, 1, 4, 3),
(25, 2, 3759, 1, 7, 4),
(26, 2, 3760, 1, 1, 3),
(26, 2, 3761, 1, 2, 5),
(26, 2, 3762, 1, 3, 4),
(26, 2, 3763, 1, 4, 3),
(26, 2, 3764, 1, 7, 4),
(27, 2, 3765, 1, 1, 5),
(27, 2, 3766, 1, 2, 4),
(27, 2, 3767, 1, 3, 5),
(27, 2, 3768, 1, 4, 4),
(27, 2, 3769, 1, 7, 3),
(28, 2, 3770, 1, 1, 4),
(28, 2, 3771, 1, 2, 5),
(28, 2, 3772, 1, 3, 5),
(28, 2, 3773, 1, 4, 4),
(28, 2, 3774, 1, 7, 5),
(29, 2, 3775, 1, 1, 3),
(29, 2, 3776, 1, 2, 5),
(29, 2, 3777, 1, 3, 4),
(29, 2, 3778, 1, 4, 5),
(29, 2, 3779, 1, 7, 3),
(30, 2, 3780, 1, 1, 3),
(30, 2, 3781, 1, 2, 4),
(30, 2, 3782, 1, 3, 3),
(30, 2, 3783, 1, 4, 3),
(30, 2, 3784, 1, 7, 4),
(31, 2, 3785, 1, 1, 5),
(31, 2, 3786, 1, 2, 3),
(31, 2, 3787, 1, 3, 3),
(31, 2, 3788, 1, 4, 4),
(31, 2, 3789, 1, 7, 3),
(32, 2, 3790, 1, 1, 3),
(32, 2, 3791, 1, 2, 4),
(32, 2, 3792, 1, 3, 4),
(32, 2, 3793, 1, 4, 3),
(32, 2, 3794, 1, 7, 4),
(33, 2, 3795, 1, 1, 3),
(33, 2, 3796, 1, 2, 3),
(33, 2, 3797, 1, 3, 3),
(33, 2, 3798, 1, 4, 4),
(33, 2, 3799, 1, 7, 5),
(34, 2, 3800, 1, 1, 4),
(34, 2, 3801, 1, 2, 5),
(34, 2, 3802, 1, 3, 4),
(34, 2, 3803, 1, 4, 4),
(34, 2, 3804, 1, 7, 5),
(35, 2, 3805, 1, 1, 5),
(35, 2, 3806, 1, 2, 3),
(35, 2, 3807, 1, 3, 3),
(35, 2, 3808, 1, 4, 4),
(35, 2, 3809, 1, 7, 5),
(36, 2, 3810, 1, 1, 3),
(36, 2, 3811, 1, 2, 4),
(36, 2, 3812, 1, 3, 3),
(36, 2, 3813, 1, 4, 3),
(36, 2, 3814, 1, 7, 5),
(37, 2, 3815, 1, 1, 5),
(37, 2, 3816, 1, 2, 3),
(37, 2, 3817, 1, 3, 5),
(37, 2, 3818, 1, 4, 4),
(37, 2, 3819, 1, 7, 4),
(38, 2, 3820, 1, 1, 4),
(38, 2, 3821, 1, 2, 4),
(38, 2, 3822, 1, 3, 5),
(38, 2, 3823, 1, 4, 4),
(38, 2, 3824, 1, 7, 3),
(39, 2, 3825, 1, 1, 5),
(39, 2, 3826, 1, 2, 4),
(39, 2, 3827, 1, 3, 3),
(39, 2, 3828, 1, 4, 5),
(39, 2, 3829, 1, 7, 3),
(40, 2, 3830, 1, 1, 3),
(40, 2, 3831, 1, 2, 4),
(40, 2, 3832, 1, 3, 4),
(40, 2, 3833, 1, 4, 3),
(40, 2, 3834, 1, 7, 5),
(41, 2, 3835, 1, 1, 3),
(41, 2, 3836, 1, 2, 3),
(41, 2, 3837, 1, 3, 3),
(41, 2, 3838, 1, 4, 3),
(41, 2, 3839, 1, 7, 5),
(42, 2, 3840, 1, 1, 3),
(42, 2, 3841, 1, 2, 3),
(42, 2, 3842, 1, 3, 4),
(42, 2, 3843, 1, 4, 3),
(42, 2, 3844, 1, 7, 5),
(43, 2, 3845, 1, 1, 5),
(43, 2, 3846, 1, 2, 5),
(43, 2, 3847, 1, 3, 5),
(43, 2, 3848, 1, 4, 3),
(43, 2, 3849, 1, 7, 3),
(44, 2, 3850, 1, 1, 4),
(44, 2, 3851, 1, 2, 4),
(44, 2, 3852, 1, 3, 3),
(44, 2, 3853, 1, 4, 4),
(44, 2, 3854, 1, 7, 3),
(45, 2, 3855, 1, 1, 3),
(45, 2, 3856, 1, 2, 5),
(45, 2, 3857, 1, 3, 4),
(45, 2, 3858, 1, 4, 5),
(45, 2, 3859, 1, 7, 5),
(46, 2, 3860, 1, 1, 3),
(46, 2, 3861, 1, 2, 3),
(46, 2, 3862, 1, 3, 4),
(46, 2, 3863, 1, 4, 4),
(46, 2, 3864, 1, 7, 4),
(47, 2, 3865, 1, 1, 5),
(47, 2, 3866, 1, 2, 5),
(47, 2, 3867, 1, 3, 3),
(47, 2, 3868, 1, 4, 5),
(47, 2, 3869, 1, 7, 3),
(48, 2, 3870, 1, 1, 5),
(48, 2, 3871, 1, 2, 4),
(48, 2, 3872, 1, 3, 4),
(48, 2, 3873, 1, 4, 3),
(48, 2, 3874, 1, 7, 3),
(49, 2, 3875, 1, 1, 5),
(49, 2, 3876, 1, 2, 5),
(49, 2, 3877, 1, 3, 5),
(49, 2, 3878, 1, 4, 4),
(49, 2, 3879, 1, 7, 3),
(50, 2, 3880, 1, 1, 4),
(50, 2, 3881, 1, 2, 5),
(50, 2, 3882, 1, 3, 5),
(50, 2, 3883, 1, 4, 5),
(50, 2, 3884, 1, 7, 4),
(51, 2, 3885, 1, 1, 4),
(51, 2, 3886, 1, 2, 4),
(51, 2, 3887, 1, 3, 5),
(51, 2, 3888, 1, 4, 4),
(51, 2, 3889, 1, 7, 3),
(52, 2, 3890, 1, 1, 3),
(52, 2, 3891, 1, 2, 3),
(52, 2, 3892, 1, 3, 5),
(52, 2, 3893, 1, 4, 4),
(52, 2, 3894, 1, 7, 3),
(53, 2, 3895, 1, 1, 4),
(53, 2, 3896, 1, 2, 5),
(53, 2, 3897, 1, 3, 4),
(53, 2, 3898, 1, 4, 5),
(53, 2, 3899, 1, 7, 3),
(54, 2, 3900, 1, 1, 5),
(54, 2, 3901, 1, 2, 3),
(54, 2, 3902, 1, 3, 4),
(54, 2, 3903, 1, 4, 4),
(54, 2, 3904, 1, 7, 5),
(55, 2, 3905, 1, 1, 3),
(55, 2, 3906, 1, 2, 5),
(55, 2, 3907, 1, 3, 4),
(55, 2, 3908, 1, 4, 5),
(55, 2, 3909, 1, 7, 3),
(56, 2, 3910, 1, 1, 5),
(56, 2, 3911, 1, 2, 5),
(56, 2, 3912, 1, 3, 5),
(56, 2, 3913, 1, 4, 3),
(56, 2, 3914, 1, 7, 4),
(57, 2, 3915, 1, 1, 4),
(57, 2, 3916, 1, 2, 4),
(57, 2, 3917, 1, 3, 3),
(57, 2, 3918, 1, 4, 3),
(57, 2, 3919, 1, 7, 4),
(58, 2, 3920, 1, 1, 5),
(58, 2, 3921, 1, 2, 5),
(58, 2, 3922, 1, 3, 5),
(58, 2, 3923, 1, 4, 3),
(58, 2, 3924, 1, 7, 3),
(59, 2, 3925, 1, 1, 3),
(59, 2, 3926, 1, 2, 3),
(59, 2, 3927, 1, 3, 3),
(59, 2, 3928, 1, 4, 4),
(59, 2, 3929, 1, 7, 5),
(60, 2, 3930, 1, 1, 3),
(60, 2, 3931, 1, 2, 5),
(60, 2, 3932, 1, 3, 3),
(60, 2, 3933, 1, 4, 3),
(60, 2, 3934, 1, 7, 5),
(61, 2, 3935, 1, 1, 4),
(61, 2, 3936, 1, 2, 4),
(61, 2, 3937, 1, 3, 3),
(61, 2, 3938, 1, 4, 4),
(61, 2, 3939, 1, 7, 3),
(62, 2, 3940, 1, 1, 5),
(62, 2, 3941, 1, 2, 4),
(62, 2, 3942, 1, 3, 3),
(62, 2, 3943, 1, 4, 5),
(62, 2, 3944, 1, 7, 3),
(63, 2, 3945, 1, 1, 4),
(63, 2, 3946, 1, 2, 3),
(63, 2, 3947, 1, 3, 3),
(63, 2, 3948, 1, 4, 5),
(63, 2, 3949, 1, 7, 5),
(64, 2, 3950, 1, 1, 3),
(64, 2, 3951, 1, 2, 3),
(64, 2, 3952, 1, 3, 4),
(64, 2, 3953, 1, 4, 3),
(64, 2, 3954, 1, 7, 5),
(65, 2, 3955, 1, 1, 5),
(65, 2, 3956, 1, 2, 3),
(65, 2, 3957, 1, 3, 3),
(65, 2, 3958, 1, 4, 4),
(65, 2, 3959, 1, 7, 3),
(66, 2, 3960, 1, 1, 4),
(66, 2, 3961, 1, 2, 3),
(66, 2, 3962, 1, 3, 5),
(66, 2, 3963, 1, 4, 3),
(66, 2, 3964, 1, 7, 3),
(67, 2, 3965, 1, 1, 3),
(67, 2, 3966, 1, 2, 4),
(67, 2, 3967, 1, 3, 5),
(67, 2, 3968, 1, 4, 3),
(67, 2, 3969, 1, 7, 4),
(68, 2, 3970, 1, 1, 5),
(68, 2, 3971, 1, 2, 4),
(68, 2, 3972, 1, 3, 4),
(68, 2, 3973, 1, 4, 4),
(68, 2, 3974, 1, 7, 3),
(69, 2, 3975, 1, 1, 5),
(69, 2, 3976, 1, 2, 3),
(69, 2, 3977, 1, 3, 3),
(69, 2, 3978, 1, 4, 4),
(69, 2, 3979, 1, 7, 4),
(70, 2, 3980, 1, 1, 3),
(70, 2, 3981, 1, 2, 5),
(70, 2, 3982, 1, 3, 3),
(70, 2, 3983, 1, 4, 5),
(70, 2, 3984, 1, 7, 4),
(1, 7, 3985, 1, 8, 5),
(2, 7, 3986, 1, 8, 5),
(3, 10, 3987, 1, 8, 4),
(4, 8, 3988, 1, 8, 4),
(5, 9, 3989, 1, 8, 5),
(6, 14, 3990, 1, 8, 4),
(7, 15, 3991, 1, 8, 5),
(8, 4, 3992, 1, 8, 4),
(9, 5, 3993, 1, 8, 5),
(10, 10, 3994, 1, 8, 3),
(21, 14, 3995, 1, 8, 4),
(22, 15, 3996, 1, 8, 4),
(23, 5, 3997, 1, 8, 4),
(24, 4, 3998, 1, 8, 4),
(25, 7, 3999, 1, 8, 4),
(26, 10, 4000, 1, 8, 4),
(27, 8, 4001, 1, 8, 5),
(28, 9, 4002, 1, 8, 5),
(29, 7, 4003, 1, 8, 5),
(30, 5, 4004, 1, 8, 4),
(1, 5, 4005, 1, 8, 5),
(2, 4, 4006, 1, 8, 5),
(3, 15, 4007, 1, 8, 5),
(4, 14, 4008, 1, 8, 4),
(5, 4, 4009, 1, 8, 4),
(6, 8, 4010, 1, 8, 4),
(7, 7, 4011, 1, 8, 5),
(8, 10, 4012, 1, 8, 5),
(9, 7, 4013, 1, 8, 5),
(10, 15, 4014, 1, 8, 5),
(21, 10, 4015, 1, 8, 4),
(22, 9, 4016, 1, 8, 5),
(23, 4, 4017, 1, 8, 5),
(24, 5, 4018, 1, 8, 4),
(25, 14, 4019, 1, 8, 4),
(26, 15, 4020, 1, 8, 5),
(27, 5, 4021, 1, 8, 5),
(28, 14, 4022, 1, 8, 4),
(29, 15, 4023, 1, 8, 5),
(30, 4, 4024, 1, 8, 4),
(1, 7, 4025, 1, 9, 5),
(2, 7, 4026, 1, 9, 5),
(3, 10, 4027, 1, 9, 5),
(4, 8, 4028, 1, 9, 4),
(5, 9, 4029, 1, 9, 4),
(6, 14, 4030, 1, 9, 4),
(7, 15, 4031, 1, 9, 5),
(8, 4, 4032, 1, 9, 4),
(9, 5, 4033, 1, 9, 5),
(10, 10, 4034, 1, 9, 3),
(21, 14, 4035, 1, 9, 4),
(22, 15, 4036, 1, 9, 5),
(23, 5, 4037, 1, 9, 5),
(24, 4, 4038, 1, 9, 4),
(25, 7, 4039, 1, 9, 4),
(26, 10, 4040, 1, 9, 4),
(27, 8, 4041, 1, 9, 5),
(28, 9, 4042, 1, 9, 5),
(29, 7, 4043, 1, 9, 5),
(30, 5, 4044, 1, 9, 4),
(1, 5, 4045, 1, 9, 5),
(2, 4, 4046, 1, 9, 5),
(3, 15, 4047, 1, 9, 5),
(4, 14, 4048, 1, 9, 4),
(5, 4, 4049, 1, 9, 4),
(6, 8, 4050, 1, 9, 4),
(7, 7, 4051, 1, 9, 5),
(8, 10, 4052, 1, 9, 5),
(9, 7, 4053, 1, 9, 5),
(10, 15, 4054, 1, 9, 5),
(21, 10, 4055, 1, 9, 4),
(22, 9, 4056, 1, 9, 5),
(23, 4, 4057, 1, 9, 5),
(24, 5, 4058, 1, 9, 4),
(25, 14, 4059, 1, 9, 4),
(26, 15, 4060, 1, 9, 5),
(27, 5, 4061, 1, 9, 5),
(28, 14, 4062, 1, 9, 4),
(29, 15, 4063, 1, 9, 5),
(30, 4, 4064, 1, 9, 4),
(1, 2, 4065, 1, 9, 5),
(2, 2, 4066, 1, 9, 5),
(3, 2, 4067, 1, 9, 4),
(4, 2, 4068, 1, 9, 5),
(5, 2, 4069, 1, 9, 4),
(6, 2, 4070, 1, 9, 3),
(7, 2, 4071, 1, 9, 5),
(8, 2, 4072, 1, 9, 4),
(9, 2, 4073, 1, 9, 5),
(10, 2, 4074, 1, 9, 4),
(1, 3, 4075, 1, 9, 5),
(2, 3, 4076, 1, 9, 5),
(3, 3, 4077, 1, 9, 5),
(4, 3, 4078, 1, 9, 5),
(5, 3, 4079, 1, 9, 5),
(6, 3, 4080, 1, 9, 5),
(7, 3, 4081, 1, 9, 5),
(8, 3, 4082, 1, 9, 5),
(9, 3, 4083, 1, 9, 5),
(10, 3, 4084, 1, 9, 5),
(1, 4, 4085, 1, 9, 5),
(2, 4, 4086, 1, 9, 4),
(3, 4, 4087, 1, 9, 5),
(4, 4, 4088, 1, 9, 4),
(5, 4, 4089, 1, 9, 4),
(6, 4, 4090, 1, 9, 4),
(7, 4, 4091, 1, 9, 5),
(8, 4, 4092, 1, 9, 4),
(9, 4, 4093, 1, 9, 5),
(10, 4, 4094, 1, 9, 4),
(1, 5, 4095, 1, 9, 5),
(2, 5, 4096, 1, 9, 4),
(3, 5, 4097, 1, 9, 5),
(4, 5, 4098, 1, 9, 4),
(5, 5, 4099, 1, 9, 4),
(6, 5, 4100, 1, 9, 4),
(7, 5, 4101, 1, 9, 5),
(8, 5, 4102, 1, 9, 4),
(9, 5, 4103, 1, 9, 5),
(10, 5, 4104, 1, 9, 4),
(1, 7, 4105, 1, 9, 5),
(2, 7, 4106, 1, 9, 4),
(3, 7, 4107, 1, 9, 5),
(4, 7, 4108, 1, 9, 4),
(5, 7, 4109, 1, 9, 4),
(6, 7, 4110, 1, 9, 4),
(7, 7, 4111, 1, 9, 5),
(8, 7, 4112, 1, 9, 4),
(9, 7, 4113, 1, 9, 5),
(10, 7, 4114, 1, 9, 4),
(1, 8, 4115, 1, 9, 5),
(2, 8, 4116, 1, 9, 4),
(3, 8, 4117, 1, 9, 5),
(4, 8, 4118, 1, 9, 4),
(5, 8, 4119, 1, 9, 4),
(6, 8, 4120, 1, 9, 4),
(7, 8, 4121, 1, 9, 5),
(8, 8, 4122, 1, 9, 4),
(9, 8, 4123, 1, 9, 5),
(10, 8, 4124, 1, 9, 4),
(1, 9, 4125, 1, 9, 5),
(2, 9, 4126, 1, 9, 4),
(3, 9, 4127, 1, 9, 5),
(4, 9, 4128, 1, 9, 4),
(5, 9, 4129, 1, 9, 4),
(6, 9, 4130, 1, 9, 4),
(7, 9, 4131, 1, 9, 5),
(8, 9, 4132, 1, 9, 4),
(9, 9, 4133, 1, 9, 5),
(10, 9, 4134, 1, 9, 4),
(1, 10, 4135, 1, 9, 5),
(2, 10, 4136, 1, 9, 4),
(3, 10, 4137, 1, 9, 5),
(4, 10, 4138, 1, 9, 4),
(5, 10, 4139, 1, 9, 4),
(6, 10, 4140, 1, 9, 4),
(7, 10, 4141, 1, 9, 5),
(8, 10, 4142, 1, 9, 4),
(9, 10, 4143, 1, 9, 5),
(10, 10, 4144, 1, 9, 4),
(1, 11, 4145, 1, 9, 4),
(2, 11, 4146, 1, 9, 4),
(3, 11, 4147, 1, 9, 5),
(4, 11, 4148, 1, 9, 4),
(5, 11, 4149, 1, 9, 4),
(6, 11, 4150, 1, 9, 4),
(7, 11, 4151, 1, 9, 5),
(8, 11, 4152, 1, 9, 4),
(9, 11, 4153, 1, 9, 5),
(10, 11, 4154, 1, 9, 4),
(1, 12, 4155, 1, 9, 5),
(2, 12, 4156, 1, 9, 4),
(3, 12, 4157, 1, 9, 5),
(4, 12, 4158, 1, 9, 4),
(5, 12, 4159, 1, 9, 4),
(6, 12, 4160, 1, 9, 4),
(7, 12, 4161, 1, 9, 5),
(8, 12, 4162, 1, 9, 4),
(9, 12, 4163, 1, 9, 5),
(10, 12, 4164, 1, 9, 4),
(1, 14, 4165, 1, 9, 5),
(2, 14, 4166, 1, 9, 4),
(3, 14, 4167, 1, 9, 5),
(4, 14, 4168, 1, 9, 4),
(5, 14, 4169, 1, 9, 4),
(6, 14, 4170, 1, 9, 4),
(7, 14, 4171, 1, 9, 5),
(8, 14, 4172, 1, 9, 4),
(9, 14, 4173, 1, 9, 5),
(10, 14, 4174, 1, 9, 4),
(1, 15, 4175, 1, 9, 5),
(2, 15, 4176, 1, 9, 4),
(3, 15, 4177, 1, 9, 5),
(4, 15, 4178, 1, 9, 4),
(5, 15, 4179, 1, 9, 4),
(6, 15, 4180, 1, 9, 4),
(7, 15, 4181, 1, 9, 5),
(8, 15, 4182, 1, 9, 4),
(9, 15, 4183, 1, 9, 5),
(10, 15, 4184, 1, 9, 4),
(1, 6, 4185, 1, 9, 5),
(2, 6, 4186, 1, 9, 4),
(3, 6, 4187, 1, 9, 5),
(4, 6, 4188, 1, 9, 4),
(5, 6, 4189, 1, 9, 4),
(6, 6, 4190, 1, 9, 4),
(7, 6, 4191, 1, 9, 5),
(8, 6, 4192, 1, 9, 4),
(9, 6, 4193, 1, 9, 5),
(10, 6, 4194, 1, 9, 4),
(21, 2, 4195, 1, 9, 4),
(22, 2, 4196, 1, 9, 4),
(23, 2, 4197, 1, 9, 5),
(24, 2, 4198, 1, 9, 3),
(25, 2, 4199, 1, 9, 4),
(26, 2, 4200, 1, 9, 4),
(27, 2, 4201, 1, 9, 3),
(28, 2, 4202, 1, 9, 5),
(29, 2, 4203, 1, 9, 3),
(30, 2, 4204, 1, 9, 4),
(21, 3, 4205, 1, 9, 5),
(22, 3, 4206, 1, 9, 5),
(23, 3, 4207, 1, 9, 5),
(24, 3, 4208, 1, 9, 5),
(25, 3, 4209, 1, 9, 5),
(26, 3, 4210, 1, 9, 5),
(27, 3, 4211, 1, 9, 5),
(28, 3, 4212, 1, 9, 5),
(29, 3, 4213, 1, 9, 5),
(30, 3, 4214, 1, 9, 5),
(21, 4, 4215, 1, 9, 4),
(22, 4, 4216, 1, 9, 5),
(23, 4, 4217, 1, 9, 5),
(24, 4, 4218, 1, 9, 4),
(25, 4, 4219, 1, 9, 4),
(26, 4, 4220, 1, 9, 4),
(27, 4, 4221, 1, 9, 4),
(28, 4, 4222, 1, 9, 4),
(29, 4, 4223, 1, 9, 5),
(30, 4, 4224, 1, 9, 4),
(21, 5, 4225, 1, 9, 4),
(22, 5, 4226, 1, 9, 5),
(23, 5, 4227, 1, 9, 5),
(24, 5, 4228, 1, 9, 4),
(25, 5, 4229, 1, 9, 4),
(26, 5, 4230, 1, 9, 4),
(27, 5, 4231, 1, 9, 4),
(28, 5, 4232, 1, 9, 4),
(29, 5, 4233, 1, 9, 5),
(30, 5, 4234, 1, 9, 4),
(21, 6, 4235, 1, 9, 4),
(22, 6, 4236, 1, 9, 5),
(23, 6, 4237, 1, 9, 5),
(24, 6, 4238, 1, 9, 4),
(25, 6, 4239, 1, 9, 4),
(26, 6, 4240, 1, 9, 4),
(27, 6, 4241, 1, 9, 4),
(28, 6, 4242, 1, 9, 4),
(29, 6, 4243, 1, 9, 5),
(30, 6, 4244, 1, 9, 4),
(21, 7, 4245, 1, 9, 4),
(22, 7, 4246, 1, 9, 5),
(23, 7, 4247, 1, 9, 5),
(24, 7, 4248, 1, 9, 4),
(25, 7, 4249, 1, 9, 4),
(26, 7, 4250, 1, 9, 4),
(27, 7, 4251, 1, 9, 4),
(28, 7, 4252, 1, 9, 4),
(29, 7, 4253, 1, 9, 5),
(30, 7, 4254, 1, 9, 4),
(21, 8, 4255, 1, 9, 4),
(22, 8, 4256, 1, 9, 5),
(23, 8, 4257, 1, 9, 5),
(24, 8, 4258, 1, 9, 4),
(25, 8, 4259, 1, 9, 4),
(26, 8, 4260, 1, 9, 4),
(27, 8, 4261, 1, 9, 4),
(28, 8, 4262, 1, 9, 4),
(29, 8, 4263, 1, 9, 5),
(30, 8, 4264, 1, 9, 4),
(21, 9, 4265, 1, 9, 4),
(22, 9, 4266, 1, 9, 5),
(23, 9, 4267, 1, 9, 5),
(24, 9, 4268, 1, 9, 4),
(25, 9, 4269, 1, 9, 4),
(26, 9, 4270, 1, 9, 4),
(27, 9, 4271, 1, 9, 4),
(28, 9, 4272, 1, 9, 4),
(29, 9, 4273, 1, 9, 5),
(30, 9, 4274, 1, 9, 4),
(21, 10, 4275, 1, 9, 4),
(22, 10, 4276, 1, 9, 5),
(23, 10, 4277, 1, 9, 5),
(24, 10, 4278, 1, 9, 4),
(25, 10, 4279, 1, 9, 4),
(26, 10, 4280, 1, 9, 4),
(27, 10, 4281, 1, 9, 4),
(28, 10, 4282, 1, 9, 4),
(29, 10, 4283, 1, 9, 5),
(30, 10, 4284, 1, 9, 4),
(21, 11, 4285, 1, 9, 4),
(22, 11, 4286, 1, 9, 5),
(23, 11, 4287, 1, 9, 5),
(24, 11, 4288, 1, 9, 4),
(25, 11, 4289, 1, 9, 4),
(26, 11, 4290, 1, 9, 4),
(27, 11, 4291, 1, 9, 4),
(28, 11, 4292, 1, 9, 4),
(29, 11, 4293, 1, 9, 5),
(30, 11, 4294, 1, 9, 4),
(21, 12, 4295, 1, 9, 4),
(22, 12, 4296, 1, 9, 5),
(23, 12, 4297, 1, 9, 5),
(24, 12, 4298, 1, 9, 4),
(25, 12, 4299, 1, 9, 4),
(26, 12, 4300, 1, 9, 4),
(27, 12, 4301, 1, 9, 4),
(28, 12, 4302, 1, 9, 4),
(29, 12, 4303, 1, 9, 5),
(30, 12, 4304, 1, 9, 4),
(21, 14, 4305, 1, 9, 4),
(22, 14, 4306, 1, 9, 5),
(23, 14, 4307, 1, 9, 5),
(24, 14, 4308, 1, 9, 4),
(25, 14, 4309, 1, 9, 4),
(26, 14, 4310, 1, 9, 4),
(27, 14, 4311, 1, 9, 4),
(28, 14, 4312, 1, 9, 4),
(29, 14, 4313, 1, 9, 5),
(30, 14, 4314, 1, 9, 4),
(21, 15, 4315, 1, 9, 4),
(22, 15, 4316, 1, 9, 5),
(23, 15, 4317, 1, 9, 5),
(24, 15, 4318, 1, 9, 4),
(25, 15, 4319, 1, 9, 4),
(26, 15, 4320, 1, 9, 4),
(27, 15, 4321, 1, 9, 4),
(28, 15, 4322, 1, 9, 4),
(29, 15, 4323, 1, 9, 5),
(30, 15, 4324, 1, 9, 4),
(1, 11, 4325, 1, 8, 4),
(2, 11, 4326, 1, 8, 4),
(3, 11, 4327, 1, 8, 5),
(4, 11, 4328, 1, 8, 4),
(5, 11, 4329, 1, 8, 4),
(6, 11, 4330, 1, 8, 4),
(7, 11, 4331, 1, 8, 5),
(8, 11, 4332, 1, 8, 4),
(9, 11, 4333, 1, 8, 5),
(10, 11, 4334, 1, 8, 4),
(21, 11, 4335, 1, 8, 4),
(22, 11, 4336, 1, 8, 5),
(23, 11, 4337, 1, 8, 5),
(24, 11, 4338, 1, 8, 4),
(25, 11, 4339, 1, 8, 4),
(26, 11, 4340, 1, 8, 4),
(27, 11, 4341, 1, 8, 4),
(28, 11, 4342, 1, 8, 4),
(29, 11, 4343, 1, 8, 5),
(30, 11, 4344, 1, 8, 4);

CREATE TABLE IF NOT EXISTS `academicyear` (
  `id_academicyear` int(1) NOT NULL,
  `name_year` varchar(9) NOT NULL,
  PRIMARY KEY (`id_academicyear`),
  KEY `id_academicyear` (`id_academicyear`),
  KEY `name_year` (`name_year`)
);

INSERT INTO `academicyear` (`id_academicyear`, `name_year`) VALUES
(4, '2018-2019'),
(3, '2019-2020'),
(2, '2020-2021'),
(1, '2021-2022');

CREATE TABLE IF NOT EXISTS `class` (
  `id_counter` int(2) NOT NULL AUTO_INCREMENT,
  `id_class` int(2) NOT NULL,
  `id_teacher` int(4) NOT NULL,
  `id_academicyear` int(1) NOT NULL,
  `id_character` varchar(10) NOT NULL,
  PRIMARY KEY (`id_counter`),
  KEY `id_class` (`id_class`),
  KEY `id_teacher` (`id_teacher`),
  KEY `id_academicyear` (`id_academicyear`),
  KEY `id_character` (`id_character`)
);

INSERT INTO `class` (`id_counter`, `id_class`, `id_teacher`, `id_academicyear`, `id_character`) VALUES
(1, 11, 1, 1, 'A'),
(2, 10, 1, 2, 'A'),
(3, 9, 1, 3, 'A'),
(4, 8, 2, 4, 'A'),
(5, 11, 2, 1, 'B'),
(6, 10, 2, 2, 'B'),
(7, 9, 2, 3, 'B'),
(8, 8, 1, 4, 'B'),
(9, 10, 3, 1, 'A'),
(10, 9, 3, 2, 'A'),
(11, 7, 4, 4, 'A'),
(12, 10, 4, 1, 'B'),
(13, 9, 4, 2, 'B'),
(14, 8, 3, 3, 'B'),
(15, 7, 3, 4, 'B'),
(16, 9, 5, 1, 'A'),
(17, 8, 6, 2, 'A'),
(18, 7, 6, 3, 'A'),
(19, 6, 6, 4, 'A'),
(20, 9, 6, 1, 'B'),
(21, 8, 5, 2, 'B'),
(22, 7, 5, 3, 'B'),
(23, 6, 5, 4, 'B'),
(24, 8, 7, 1, 'A'),
(25, 8, 8, 1, 'B'),
(26, 7, 7, 2, 'A'),
(27, 7, 8, 2, 'B'),
(28, 6, 7, 3, 'A'),
(29, 6, 8, 3, 'B'),
(30, 5, 7, 4, 'A'),
(31, 5, 8, 4, 'B'),
(32, 7, 9, 1, 'A'),
(33, 5, 9, 3, 'A'),
(34, 7, 10, 1, 'B'),
(35, 6, 10, 2, 'B'),
(36, 5, 10, 3, 'B'),
(37, 6, 11, 1, 'A'),
(38, 6, 12, 1, 'B'),
(39, 6, 9, 2, 'A'),
(40, 8, 4, 3, 'A'),
(41, 5, 11, 2, 'A'),
(42, 5, 12, 2, 'B'),
(43, 5, 13, 1, 'A'),
(44, 5, 14, 1, 'B');

CREATE TABLE IF NOT EXISTS `club` (
  `id_club` int(2) NOT NULL AUTO_INCREMENT,
  `name_club` varchar(100) NOT NULL,
  `id_teacher` int(2) NOT NULL,
  `price` int(5) NOT NULL,
  PRIMARY KEY (`id_club`),
  KEY `id_club` (`id_club`),
  KEY `name_club` (`name_club`),
  KEY `id_teacher` (`id_teacher`),
  KEY `price` (`price`)
);

INSERT INTO `club` (`id_club`, `name_club`, `id_teacher`, `price`) VALUES
(1, 'Computer Club', 22, 6000),
(2, 'Dancing', 30, 4000),
(3, 'Needlework', 15, 3000),
(4, 'Sports', 17, 2000),
(5, 'Theater studio', 29, 3000),
(6, 'Design and modeling', 28, 3000),
(7, 'Natural history', 21, 2500),
(8, 'Science club', 27, 4000);

CREATE TABLE IF NOT EXISTS `listclub` (
  `id_club` int(2) NOT NULL,
  `id_schoolchild` int(3) NOT NULL,
  `id_listclub` int(2) NOT NULL AUTO_INCREMENT,
  `id_academicyear` int(2) NOT NULL,
  PRIMARY KEY (`id_listclub`),
  KEY `id_club` (`id_club`),
  KEY `id_schoolchild` (`id_schoolchild`),
  KEY `id_listclub` (`id_listclub`),
  KEY `id_academicyear` (`id_academicyear`)
);

INSERT INTO `listclub` (`id_club`, `id_schoolchild`, `id_listclub`, `id_academicyear`) VALUES
(1, 1, 1, 1),
(1, 6, 2, 1),
(1, 11, 3, 1),
(1, 16, 4, 1),
(1, 2, 5, 1),
(1, 7, 6, 1),
(1, 12, 7, 1),
(2, 70, 8, 1),
(2, 65, 9, 1),
(2, 69, 10, 1),
(2, 64, 11, 1),
(2, 60, 12, 1),
(2, 55, 13, 1),
(3, 50, 14, 1),
(3, 45, 15, 1),
(3, 58, 16, 1),
(3, 53, 17, 1),
(3, 52, 18, 1),
(5, 44, 19, 1),
(5, 46, 20, 1),
(5, 40, 21, 1),
(5, 35, 22, 1),
(5, 30, 23, 1),
(4, 47, 24, 1),
(4, 42, 25, 1),
(4, 66, 26, 1),
(4, 63, 27, 1),
(4, 33, 28, 1),
(4, 28, 29, 1),
(4, 19, 30, 1),
(6, 3, 31, 1),
(7, 68, 32, 1),
(6, 9, 33, 1),
(6, 13, 34, 1),
(6, 18, 35, 1),
(6, 24, 36, 1),
(6, 29, 37, 1),
(6, 32, 39, 1),
(1, 5, 40, 1),
(7, 62, 41, 1),
(7, 61, 42, 1),
(7, 57, 43, 1),
(7, 51, 44, 1),
(7, 48, 45, 1),
(7, 43, 46, 1),
(7, 41, 47, 1),
(8, 4, 48, 1),
(8, 8, 49, 1),
(8, 10, 50, 1),
(8, 14, 51, 1),
(8, 17, 52, 1),
(8, 20, 53, 1),
(6, 21, 54, 1),
(1, 27, 55, 1),
(5, 36, 56, 1),
(5, 37, 57, 1),
(1, 22, 58, 1),
(1, 26, 59, 1),
(2, 37, 60, 1),
(2, 36, 61, 1),
(2, 30, 62, 1),
(2, 35, 63, 1),
(5, 60, 64, 1),
(5, 70, 65, 1),
(5, 65, 66, 1),
(5, 69, 67, 1),
(1, 0, 68, 0),
(1, 21, 69, 1),
(1, 32, 70, 1),
(1, 29, 71, 1),
(1, 24, 72, 1),
(6, 1, 73, 1),
(6, 5, 74, 1),
(6, 6, 75, 1),
(6, 7, 76, 1),
(6, 2, 77, 1),
(1, 65, 78, 1),
(1, 41, 79, 1),
(1, 7, 80, 1);

CREATE TABLE IF NOT EXISTS `mark` (
  `id_mark` int(2) NOT NULL,
  `name_mark` varchar(40) NOT NULL,
  PRIMARY KEY (`id_mark`),
  KEY `id_mark` (`id_mark`),
  KEY `name_mark` (`name_mark`)
);

INSERT INTO `mark` (`id_mark`, `name_mark`) VALUES
(2, 'Second quarter'),
(6, 'Second semester'),
(7, 'Annual'),
(9, 'Final'),
(1, 'First quarter'),
(5, 'First half of the year'),
(3, 'Third quarter'),
(4, 'Fourth quarter'),
(8, 'Examination');

CREATE TABLE IF NOT EXISTS `parent` (
  `id_parent` int(3) NOT NULL,
  `surName` varchar(30) NOT NULL,
  `first_Name` varchar(30) NOT NULL,
  `last_Name` varchar(30) NOT NULL,
  `address` varchar(50) NOT NULL,
  `phone_number` int(9) NOT NULL,
  PRIMARY KEY (`id_parent`),
  KEY `id_parent` (`id_parent`),
  KEY `surname` (`surName`),
  KEY `first_name` (`first_Name`),
  KEY `last_name` (`last_Name`),
  KEY `address` (`address`),
  KEY `phone_number` (`phone_number`)
);

INSERT INTO `parent` (`id_parent`, `surName`, `first_Name`, `last_Name`, `address`, `phone_number`) VALUES
(1, 'Parent surname', 'Parent first name', 'Parent second name', 'Address', 1),
(2, 'Parent surname', 'Parent first name', 'Parent second name', 'Address', 2),
(3, 'Parent surname', 'Parent first name', 'Parent second name', 'Address', 3),
(4, 'Parent surname', 'Parent first name', 'Parent second name', 'Address', 4),
(5, 'Parent surname', 'Parent first name', 'Parent second name', 'Address', 5),
(6, 'Parent surname', 'Parent first name', 'Parent second name', 'Address', 6),
(7, 'Parent surname', 'Parent first name', 'Parent second name', 'Address', 7),
(8, 'Parent surname', 'Parent first name', 'Parent second name', 'Address', 8),
(9, 'Parent surname', 'Parent first name', 'Parent second name', 'Address', 9),
(10, 'Parent surname', 'Parent first name', 'Parent second name', 'Address', 10),
(11, 'Parent surname', 'Parent first name', 'Parent second name', 'Address', 11),
(12, 'Parent surname', 'Parent first name', 'Parent second name', 'Address', 12),
(13, 'Parent surname', 'Parent first name', 'Parent second name', 'Address', 13),
(14, 'Parent surname', 'Parent first name', 'Parent second name', 'Address', 14),
(15, 'Parent surname', 'Parent first name', 'Parent second name', 'Address', 15),
(16, 'Parent surname', 'Parent first name', 'Parent second name', 'Address', 16),
(17, 'Parent surname', 'Parent first name', 'Parent second name', 'Address', 17),
(18, 'Parent surname', 'Parent first name', 'Parent second name', 'Address', 18),
(19, 'Parent surname', 'Parent first name', 'Parent second name', 'Address', 19),
(20, 'Parent surname', 'Parent first name', 'Parent second name', 'Address', 20),
(21, 'Parent surname', 'Parent first name', 'Parent second name', 'Address', 21),
(22, 'Parent surname', 'Parent first name', 'Parent second name', 'Address', 22),
(23, 'Parent surname', 'Parent first name', 'Parent second name', 'Address', 23),
(24, 'Parent surname', 'Parent first name', 'Parent second name', 'Address', 24),
(25, 'Parent surname', 'Parent first name', 'Parent second name', 'Address', 25),
(26, 'Parent surname', 'Parent first name', 'Parent second name', 'Address', 26),
(27, 'Parent surname', 'Parent first name', 'Parent second name', 'Address', 27),
(28, 'Parent surname', 'Parent first name', 'Parent second name', 'Address', 28),
(29, 'Parent surname', 'Parent first name', 'Parent second name', 'Address', 29),
(30, 'Parent surname', 'Parent first name', 'Parent second name', 'Address', 30),
(31, 'Parent surname', 'Parent first name', 'Parent second name', 'Address', 31),
(32, 'Parent surname', 'Parent first name', 'Parent second name', 'Address', 32),
(33, 'Parent surname', 'Parent first name', 'Parent second name', 'Address', 33),
(34, 'Parent surname', 'Parent first name', 'Parent second name', 'Address', 34),
(35, 'Parent surname', 'Parent first name', 'Parent second name', 'Address', 35),
(36, 'Parent surname', 'Parent first name', 'Parent second name', 'Address', 36),
(37, 'Parent surname', 'Parent first name', 'Parent second name', 'Address', 37),
(38, 'Parent surname', 'Parent first name', 'Parent second name', 'Address', 38),
(39, 'Parent surname', 'Parent first name', 'Parent second name', 'Address', 39),
(40, 'Parent surname', 'Parent first name', 'Parent second name', 'Address', 40),
(41, 'Parent surname', 'Parent first name', 'Parent second name', 'Address', 41),
(42, 'Parent surname', 'Parent first name', 'Parent second name', 'Address', 42),
(43, 'Parent surname', 'Parent first name', 'Parent second name', 'Address', 43),
(44, 'Parent surname', 'Parent first name', 'Parent second name', 'Address', 44),
(45, 'Parent surname', 'Parent first name', 'Parent second name', 'Address', 45),
(46, 'Parent surname', 'Parent first name', 'Parent second name', 'Address', 46),
(47, 'Parent surname', 'Parent first name', 'Parent second name', 'Address', 47),
(48, 'Parent surname', 'Parent first name', 'Parent second name', 'Address', 48),
(49, 'Parent surname', 'Parent first name', 'Parent second name', 'Address', 49),
(50, 'Parent surname', 'Parent first name', 'Parent second name', 'Address', 50),
(51, 'Parent surname', 'Parent first name', 'Parent second name', 'Address', 51),
(52, 'Parent surname', 'Parent first name', 'Parent second name', 'Address', 52),
(53, 'Parent surname', 'Parent first name', 'Parent second name', 'Address', 53),
(54, 'Parent surname', 'Parent first name', 'Parent second name', 'Address', 54),
(55, 'Parent surname', 'Parent first name', 'Parent second name', 'Address', 55),
(56, 'Parent surname', 'Parent first name', 'Parent second name', 'Address', 56),
(57, 'Parent surname', 'Parent first name', 'Parent second name', 'Address', 57),
(58, 'Parent surname', 'Parent first name', 'Parent second name', 'Address', 58),
(59, 'Parent surname', 'Parent first name', 'Parent second name', 'Address', 59),
(60, 'Parent surname', 'Parent first name', 'Parent second name', 'Address', 60),
(61, 'Parent surname', 'Parent first name', 'Parent second name', 'Address', 61),
(62, 'Parent surname', 'Parent first name', 'Parent second name', 'Address', 62),
(63, 'Parent surname', 'Parent first name', 'Parent second name', 'Address', 63),
(64, 'Parent surname', 'Parent first name', 'Parent second name', 'Address', 64),
(65, 'Parent surname', 'Parent first name', 'Parent second name', 'Address', 65),
(66, 'Parent surname', 'Parent first name', 'Parent second name', 'Address', 66),
(67, 'Parent surname', 'Parent first name', 'Parent second name', 'Address', 67),
(68, 'Parent surname', 'Parent first name', 'Parent second name', 'Address', 68),
(69, 'Parent surname', 'Parent first name', 'Parent second name', 'Address', 69),
(70, 'Parent surname', 'Parent first name', 'Parent second name', 'Address', 70);

CREATE TABLE IF NOT EXISTS `relationship` (
  `id_relationship` int(3) NOT NULL AUTO_INCREMENT,
  `id_schoolchild` int(3) NOT NULL,
  `id_parent` int(3) NOT NULL,
  `degree_kinship` varchar(11) NOT NULL,
  PRIMARY KEY (`id_relationship`),
  UNIQUE KEY `id_parent` (`id_parent`),
  KEY `id_relationship` (`id_relationship`),
  KEY `id_schoolchild` (`id_schoolchild`)
);

INSERT INTO `relationship` (`id_relationship`, `id_schoolchild`, `id_parent`, `degree_kinship`) VALUES
(1, 1, 1, 'Father'),
(2, 2, 2, 'Mother'),
(3, 3, 3, 'Father'),
(4, 4, 4, 'Mother'),
(5, 5, 5, 'Father'),
(6, 6, 6, 'Father'),
(7, 7, 7, 'Father'),
(8, 8, 8, 'Mother'),
(9, 9, 9, 'Father'),
(10, 10, 10, 'Father'),
(11, 11, 11, 'Mother'),
(12, 12, 12, 'Mother'),
(13, 13, 13, 'Father'),
(14, 14, 14, 'Mother'),
(15, 15, 15, 'Mother'),
(16, 16, 16, 'Father'),
(17, 17, 17, 'Father'),
(18, 18, 18, 'Father'),
(19, 19, 19, 'Father'),
(20, 20, 20, 'Mother'),
(21, 21, 21, 'Father'),
(22, 22, 22, 'Mother'),
(23, 23, 23, 'Father'),
(24, 24, 24, 'Father'),
(25, 25, 25, 'Father'),
(26, 26, 26, 'Mother'),
(27, 27, 27, 'Mother'),
(28, 28, 28, 'Father'),
(29, 29, 29, 'Mother'),
(30, 30, 30, 'Father'),
(31, 31, 31, 'Mother'),
(32, 32, 32, 'Father'),
(33, 33, 33, 'Mother'),
(34, 34, 34, 'Mother'),
(35, 35, 35, 'Mother'),
(36, 36, 36, 'Mother'),
(37, 37, 37, 'Father'),
(38, 38, 38, 'Father'),
(39, 39, 39, 'Mother'),
(40, 40, 40, 'Father'),
(41, 41, 41, 'Father'),
(42, 42, 42, 'Father'),
(43, 43, 43, 'Father'),
(44, 44, 44, 'Father'),
(45, 45, 45, 'Mother'),
(46, 46, 46, 'Father'),
(47, 47, 47, 'Father'),
(48, 48, 48, 'Mother'),
(49, 49, 49, 'Mother'),
(50, 50, 50, 'Mother'),
(51, 51, 51, 'Father'),
(52, 52, 52, 'Mother'),
(53, 53, 53, 'Father'),
(54, 54, 54, 'Father'),
(55, 55, 55, 'Mother'),
(56, 56, 56, 'Mother'),
(57, 57, 57, 'Father'),
(58, 58, 58, 'Mother'),
(59, 59, 59, 'Mother'),
(60, 60, 60, 'Mother'),
(61, 61, 61, 'Mother'),
(62, 62, 62, 'Mother'),
(63, 63, 63, 'Mother'),
(64, 64, 64, 'Father'),
(65, 65, 65, 'Mother'),
(66, 66, 66, 'Father'),
(67, 67, 67, 'Father'),
(68, 68, 68, 'Father'),
(69, 69, 69, 'Mother'),
(70, 70, 70, 'Mother');

CREATE TABLE IF NOT EXISTS `schoolchild` (
  `id_schoolchild` int(3) NOT NULL,
  `surname` varchar(30) NOT NULL,
  `first_name` varchar(30) NOT NULL,
  `second_name` varchar(30) NOT NULL,
  `address` varchar(50) NOT NULL,
  `date_birth` date NOT NULL,
  `id_class` int(2) NOT NULL,
  `id_character` varchar(10) NOT NULL,
  PRIMARY KEY (`id_schoolchild`),
  KEY `surname` (`surname`),
  KEY `first_name` (`first_name`),
  KEY `second_name` (`second_name`),
  KEY `address` (`address`),
  KEY `date_birth` (`date_birth`),
  KEY `id_class` (`id_class`),
  KEY `id_schoolchild` (`id_schoolchild`),
  KEY `id_character` (`id_character`)
);

ALTER TABLE `school`.`schoolchild` CONVERT TO CHARACTER SET utf8 COLLATE utf8_general_ci;  

INSERT INTO `schoolchild` (`id_schoolchild`, `surname`, `first_name`, `second_name`, `address`, `date_birth`, `id_class`, `id_character`) VALUES
(1, 'Schoolchild surname', 'Schoolchild first name', 'Schoolchild second name', 'Address', '2005-10-25', 11, 'A'),
(2, 'Schoolchild surname', 'Schoolchild first name', 'Schoolchild second name', 'Address', '2005-06-26', 11, 'A'),
(3, 'Schoolchild surname', 'Schoolchild first name', 'Schoolchild second name', 'Address', '2005-09-20', 11, 'A'),
(4, 'Schoolchild surname', 'Schoolchild first name', 'Schoolchild second name', 'Address', '2005-03-14', 11, 'A'),
(5, 'Schoolchild surname', 'Schoolchild first name', 'Schoolchild second name', 'Address', '2005-10-19', 11, 'A'),
(6, 'Schoolchild surname', 'Schoolchild first name', 'Schoolchild second name', 'Address', '2005-05-31', 11, 'B'),
(7, 'Schoolchild surname', 'Schoolchild first name', 'Schoolchild second name', 'Address', '2005-05-20', 11, 'B'),
(8, 'Schoolchild surname', 'Schoolchild first name', 'Schoolchild second name', 'Address', '2005-02-11', 11, 'B'),
(9, 'Schoolchild surname', 'Schoolchild first name', 'Schoolchild second name', 'Address', '2005-05-09', 11, 'B'),
(10, 'Schoolchild surname', 'Schoolchild first name', 'Schoolchild second name', 'Address', '2005-11-04', 11, 'B'),
(11, 'Schoolchild surname', 'Schoolchild first name', 'Schoolchild second name', 'Address', '2006-06-21', 10, 'A'),
(12, 'Schoolchild surname', 'Schoolchild first name', 'Schoolchild second name', 'Address', '2006-01-16', 10, 'A'),
(13, 'Schoolchild surname', 'Schoolchild first name', 'Schoolchild second name', 'Address', '2006-08-31', 10, 'A'),
(14, 'Schoolchild surname', 'Schoolchild first name', 'Schoolchild second name', 'Address', '2006-10-20', 10, 'A'),
(15, 'Schoolchild surname', 'Schoolchild first name', 'Schoolchild second name', 'Address', '2006-10-06', 10, 'A'),
(16, 'Schoolchild surname', 'Schoolchild first name', 'Schoolchild second name', 'Address', '2006-09-05', 10, 'B'),
(17, 'Schoolchild surname', 'Schoolchild first name', 'Schoolchild second name', 'Address', '2006-12-21', 10, 'B'),
(18, 'Schoolchild surname', 'Schoolchild first name', 'Schoolchild second name', 'Address', '2006-01-24', 10, 'B'),
(19, 'Schoolchild surname', 'Schoolchild first name', 'Schoolchild second name', 'Address', '2006-03-02', 10, 'B'),
(20, 'Schoolchild surname', 'Schoolchild first name', 'Schoolchild second name', 'Address', '2006-06-19', 10, 'B'),
(21, 'Schoolchild surname', 'Schoolchild first name', 'Schoolchild second name', 'Address', '2007-07-25', 9, 'A'),
(22, 'Schoolchild surname', 'Schoolchild first name', 'Schoolchild second name', 'Address', '2007-03-13', 9, 'A'),
(23, 'Schoolchild surname', 'Schoolchild first name', 'Schoolchild second name', 'Address', '2007-01-17', 9, 'A'),
(24, 'Schoolchild surname', 'Schoolchild first name', 'Schoolchild second name', 'Address', '2007-08-15', 9, 'A'),
(25, 'Schoolchild surname', 'Schoolchild first name', 'Schoolchild second name', 'Address', '2007-02-28', 9, 'A'),
(26, 'Schoolchild surname', 'Schoolchild first name', 'Schoolchild second name', 'Address', '2007-07-02', 9, 'B'),
(27, 'Schoolchild surname', 'Schoolchild first name', 'Schoolchild second name', 'Address', '2007-01-08', 9, 'B'),
(28, 'Schoolchild surname', 'Schoolchild first name', 'Schoolchild second name', 'Address', '2007-06-06', 9, 'B'),
(29, 'Schoolchild surname', 'Schoolchild first name', 'Schoolchild second name', 'Address', '2007-02-28', 9, 'B'),
(30, 'Schoolchild surname', 'Schoolchild first name', 'Schoolchild second name', 'Address', '2007-10-23', 9, 'B'),
(31, 'Schoolchild surname', 'Schoolchild first name', 'Schoolchild second name', 'Address', '2007-11-07', 8, 'A'),
(32, 'Schoolchild surname', 'Schoolchild first name', 'Schoolchild second name', 'Address', '2007-09-14', 8, 'A'),
(33, 'Schoolchild surname', 'Schoolchild first name', 'Schoolchild second name', 'Address', '2007-04-29', 8, 'A'),
(34, 'Schoolchild surname', 'Schoolchild first name', 'Schoolchild second name', 'Address', '2007-11-27', 8, 'A'),
(35, 'Schoolchild surname', 'Schoolchild first name', 'Schoolchild second name', 'Address', '2007-10-01', 8, 'A'),
(36, 'Schoolchild surname', 'Schoolchild first name', 'Schoolchild second name', 'Address', '2007-05-09', 8, 'B'),
(37, 'Schoolchild surname', 'Schoolchild first name', 'Schoolchild second name', 'Address', '2007-03-01', 8, 'B'),
(38, 'Schoolchild surname', 'Schoolchild first name', 'Schoolchild second name', 'Address', '2007-12-20', 8, 'B'),
(39, 'Schoolchild surname', 'Schoolchild first name', 'Schoolchild second name', 'Address', '2007-06-11', 8, 'B'),
(40, 'Schoolchild surname', 'Schoolchild first name', 'Schoolchild second name', 'Address', '2007-06-19', 8, 'B'),
(41, 'Schoolchild surname', 'Schoolchild first name', 'Schoolchild second name', 'Address', '2008-09-28', 7, 'A'),
(42, 'Schoolchild surname', 'Schoolchild first name', 'Schoolchild second name', 'Address', '2008-06-22', 7, 'A'),
(43, 'Schoolchild surname', 'Schoolchild first name', 'Schoolchild second name', 'Address', '2008-07-05', 7, 'A'),
(44, 'Schoolchild surname', 'Schoolchild first name', 'Schoolchild second name', 'Address', '2008-06-17', 7, 'A'),
(45, 'Schoolchild surname', 'Schoolchild first name', 'Schoolchild second name', 'Address', '2008-09-03', 7, 'A'),
(46, 'Schoolchild surname', 'Schoolchild first name', 'Schoolchild second name', 'Address', '2008-12-04', 7, 'B'),
(47, 'Schoolchild surname', 'Schoolchild first name', 'Schoolchild second name', 'Address', '2008-11-11', 7, 'B'),
(48, 'Schoolchild surname', 'Schoolchild first name', 'Schoolchild second name', 'Address', '2008-07-12', 7, 'B'),
(49, 'Schoolchild surname', 'Schoolchild first name', 'Schoolchild second name', 'Address', '2008-12-07', 7, 'B'),
(50, 'Schoolchild surname', 'Schoolchild first name', 'Schoolchild second name', 'Address', '2008-03-10', 7, 'B'),
(51, 'Schoolchild surname', 'Schoolchild first name', 'Schoolchild second name', 'Address', '2009-06-05', 6, 'A'),
(52, 'Schoolchild surname', 'Schoolchild first name', 'Schoolchild second name', 'Address', '2009-10-14', 6, 'A'),
(53, 'Schoolchild surname', 'Schoolchild first name', 'Schoolchild second name', 'Address', '2009-07-05', 6, 'A'),
(54, 'Schoolchild surname', 'Schoolchild first name', 'Schoolchild second name', 'Address', '2009-09-02', 6, 'A'),
(55, 'Schoolchild surname', 'Schoolchild first name', 'Schoolchild second name', 'Address', '2009-01-27', 6, 'A'),
(56, 'Schoolchild surname', 'Schoolchild first name', 'Schoolchild second name', 'Address', '2009-12-03', 6, 'B'),
(57, 'Schoolchild surname', 'Schoolchild first name', 'Schoolchild second name', 'Address', '2009-02-03', 6, 'B'),
(58, 'Schoolchild surname', 'Schoolchild first name', 'Schoolchild second name', 'Address', '2009-04-28', 6, 'B'),
(59, 'Schoolchild surname', 'Schoolchild first name', 'Schoolchild second name', 'Address', '2009-03-15', 6, 'B'),
(60, 'Schoolchild surname', 'Schoolchild first name', 'Schoolchild second name', 'Address', '2009-05-12', 6, 'B'),
(61, 'Schoolchild surname', 'Schoolchild first name', 'Schoolchild second name', 'Address', '2009-07-18', 5, 'A'),
(62, 'Schoolchild surname', 'Schoolchild first name', 'Schoolchild second name', 'Address', '2010-08-25', 5, 'A'),
(63, 'Schoolchild surname', 'Schoolchild first name', 'Schoolchild second name', 'Address', '2010-03-04', 5, 'A'),
(64, 'Schoolchild surname', 'Schoolchild first name', 'Schoolchild second name', 'Address', '2010-10-18', 5, 'A'),
(65, 'Schoolchild surname', 'Schoolchild first name', 'Schoolchild second name', 'Address', '2010-12-16', 5, 'A'),
(66, 'Schoolchild surname', 'Schoolchild first name', 'Schoolchild second name', 'Address', '2010-02-25', 5, 'B'),
(67, 'Schoolchild surname', 'Schoolchild first name', 'Schoolchild second name', 'Address', '2010-08-07', 5, 'B'),
(68, 'Schoolchild surname', 'Schoolchild first name', 'Schoolchild second name', 'Address', '2010-09-02', 5, 'B'),
(69, 'Schoolchild surname', 'Schoolchild first name', 'Schoolchild second name', 'Address', '2010-07-23', 5, 'B'),
(70, 'Schoolchild surname', 'Schoolchild first name', 'Schoolchild second name', 'Address', '2010-01-30', 5, 'B');

CREATE TABLE IF NOT EXISTS `subject` (
  `id_subject` int(2) NOT NULL AUTO_INCREMENT,
  `name_subject` varchar(32) NOT NULL,
  PRIMARY KEY (`id_subject`),
  KEY `name_subject` (`name_subject`),
  KEY `id_subject` (`id_subject`)
);

INSERT INTO `subject` (`id_subject`, `name_subject`) VALUES
(11, 'Algebra'),
(8, 'Biology'),
(7, 'Geography'),
(12, 'Geometry'),
(16, 'Art'),
(4, 'Foreign language'),
(9, 'Computer science'),
(5, 'History'),
(2, 'Literature'),
(13, 'Mathematics'),
(17, 'Music'),
(6, 'Life Safety Fundamentals'),
(10, 'Social science'),
(18, 'Technology'),
(14, 'Physics'),
(3, 'Physical training'),
(1, 'Russian language'),
(15, 'Chemistry');

CREATE TABLE IF NOT EXISTS `teacher` (
  `id_teacher` int(2) NOT NULL,
  `Surname` varchar(30) NOT NULL,
  `First_name` varchar(30) NOT NULL,
  `Second_name` varchar(30) NOT NULL,
  `class_guide` int(1) NOT NULL,
  `number_phone` int(11) NOT NULL,
  `data_birth` date NOT NULL,
  PRIMARY KEY (`id_teacher`),
  KEY `id_teacher` (`id_teacher`),
  KEY `surname` (`Surname`),
  KEY `first_name` (`First_name`),
  KEY `second_name` (`Second_name`),
  KEY `class_guide` (`class_guide`),
  KEY `number_phone` (`number_phone`),
  KEY `data_birth` (`data_birth`)
);

INSERT INTO `teacher` (`id_teacher`, `Surname`, `First_name`, `Second_name`, `class_guide`, `number_phone`, `data_birth`) VALUES
(1, 'Teacher surname', 'Teacher first name', 'Teacher second name', 1, 1, '1989-05-16'),
(2, 'Teacher surname', 'Teacher first name', 'Teacher second name', 1, 2, '1978-08-03'),
(3, 'Teacher surname', 'Teacher first name', 'Teacher second name', 1, 3, '1986-05-15'),
(4, 'Teacher surname', 'Teacher first name', 'Teacher second name', 1, 4, '1983-02-20'),
(5, 'Teacher surname', 'Teacher first name', 'Teacher second name', 1, 5, '1983-07-12'),
(6, 'Teacher surname', 'Teacher first name', 'Teacher second name', 1, 6, '1981-09-01'),
(7, 'Teacher surname', 'Teacher first name', 'Teacher second name', 1, 7, '1979-09-15'),
(8, 'Teacher surname', 'Teacher first name', 'Teacher second name', 1, 8, '1985-06-20'),
(9, 'Teacher surname', 'Teacher first name', 'Teacher second name', 1, 9, '1970-01-17'),
(10, 'Teacher surname', 'Teacher first name', 'Teacher second name', 1, 10, '1974-11-04'),
(11, 'Teacher surname', 'Teacher first name', 'Teacher second name', 1, 11, '1973-03-25'),
(12, 'Teacher surname', 'Teacher first name', 'Teacher second name', 1, 12, '1985-02-06'),
(13, 'Teacher surname', 'Teacher first name', 'Teacher second name', 1, 13, '1990-05-08'),
(14, 'Teacher surname', 'Teacher first name', 'Teacher second name', 1, 14, '1992-02-28'),
(15, 'Teacher surname', 'Teacher first name', 'Teacher second name', 0, 15, '1991-04-10'),
(16, 'Teacher surname', 'Teacher first name', 'Teacher second name', 0, 16, '1989-12-17'),
(17, 'Teacher surname', 'Teacher first name', 'Teacher second name', 0, 17, '1995-08-05'),
(18, 'Teacher surname', 'Teacher first name', 'Teacher second name', 0, 18, '1994-11-07'),
(19, 'Teacher surname', 'Teacher first name', 'Teacher second name', 0, 19, '1986-02-16'),
(20, 'Teacher surname', 'Teacher first name', 'Teacher second name', 0, 20, '1979-11-15'),
(21, 'Teacher surname', 'Teacher first name', 'Teacher second name', 0, 21, '1983-02-02'),
(22, 'Teacher surname', 'Teacher first name', 'Teacher second name', 0, 22, '1996-11-13'),
(23, 'Teacher surname', 'Teacher first name', 'Teacher second name', 0, 23, '1989-08-16'),
(24, 'Teacher surname', 'Teacher first name', 'Teacher second name', 0, 24, '1993-01-30'),
(25, 'Teacher surname', 'Teacher first name', 'Teacher second name', 0, 25, '1994-11-28'),
(26, 'Teacher surname', 'Teacher first name', 'Teacher second name', 0, 26, '1995-03-05'),
(27, 'Teacher surname', 'Teacher first name', 'Teacher second name', 0, 27, '1997-12-06'),
(28, 'Teacher surname', 'Teacher first name', 'Teacher second name', 0, 28, '1991-06-09'),
(29, 'Teacher surname', 'Teacher first name', 'Teacher second name', 0, 29, '1988-03-05'),
(30, 'Teacher surname', 'Teacher first name', 'Teacher second name', 0, 30, '1993-04-21');

CREATE TABLE IF NOT EXISTS `teaching` (
  `id_teacher` int(2) NOT NULL,
  `id_subject` int(2) NOT NULL,
  `id_class` int(2) NOT NULL,
  `id_teaching` int(2) NOT NULL AUTO_INCREMENT,
  `id_academicyear` int(1) NOT NULL,
  `id_character` varchar(10) NOT NULL,
  PRIMARY KEY (`id_teaching`),
  KEY `id_teacher` (`id_teacher`),
  KEY `id_subject` (`id_subject`),
  KEY `id_class` (`id_class`),
  KEY `id_teaching` (`id_teaching`),
  KEY `id_academicyear` (`id_academicyear`),
  KEY `id_character` (`id_character`)
);

INSERT INTO `teaching` (`id_teacher`, `id_subject`, `id_class`, `id_teaching`, `id_academicyear`, `id_character`) VALUES
(1, 1, 5, 1, 1, 'A'),
(1, 2, 5, 2, 1, 'A'),
(2, 3, 5, 3, 1, 'A'),
(3, 4, 5, 4, 1, 'A'),
(4, 5, 5, 5, 1, 'A'),
(4, 10, 6, 6, 1, 'A'),
(5, 6, 9, 7, 1, 'A'),
(6, 7, 5, 8, 1, 'A'),
(7, 8, 5, 9, 1, 'A'),
(8, 9, 8, 10, 1, 'A'),
(10, 14, 7, 14, 1, 'A'),
(12, 15, 8, 15, 1, 'A'),
(13, 16, 5, 16, 1, 'A'),
(14, 17, 7, 17, 1, 'B'),
(15, 18, 5, 18, 1, 'A'),
(16, 1, 8, 19, 1, 'B'),
(16, 2, 8, 20, 1, 'B'),
(17, 3, 8, 21, 1, 'B'),
(18, 4, 8, 22, 1, 'B'),
(19, 5, 8, 23, 1, 'B'),
(19, 10, 9, 24, 1, 'A'),
(20, 7, 8, 25, 1, 'B'),
(21, 8, 8, 26, 1, 'B'),
(22, 9, 10, 27, 1, 'B'),
(23, 11, 7, 28, 1, 'A'),
(23, 12, 7, 29, 1, 'A'),
(11, 11, 9, 31, 1, 'B'),
(11, 12, 9, 32, 1, 'B'),
(9, 13, 6, 33, 1, 'A'),
(24, 14, 9, 34, 1, 'B'),
(25, 15, 10, 35, 1, 'A'),
(27, 6, 9, 39, 1, 'B'),
(9, 13, 6, 40, 1, 'B'),
(1, 1, 6, 41, 1, 'A'),
(1, 1, 6, 42, 1, 'B'),
(1, 1, 7, 43, 1, 'A'),
(1, 1, 7, 44, 1, 'B'),
(1, 1, 8, 45, 1, 'A'),
(1, 1, 5, 46, 1, 'B'),
(16, 1, 8, 47, 1, 'B'),
(16, 1, 9, 48, 1, 'A'),
(16, 1, 9, 49, 1, 'B'),
(16, 1, 8, 50, 1, 'B'),
(16, 1, 10, 51, 1, 'A'),
(16, 1, 10, 52, 1, 'B'),
(16, 1, 11, 53, 1, 'B'),
(16, 1, 11, 54, 1, 'A'),
(1, 2, 5, 55, 1, 'B'),
(1, 2, 6, 56, 1, 'A'),
(1, 2, 6, 57, 1, 'B'),
(1, 2, 7, 58, 1, 'A'),
(1, 2, 7, 59, 1, 'B'),
(1, 2, 8, 60, 1, 'A'),
(16, 2, 8, 61, 1, 'B'),
(16, 2, 9, 62, 1, 'A'),
(16, 2, 8, 63, 1, 'B'),
(16, 2, 9, 64, 1, 'A'),
(16, 2, 9, 65, 1, 'B'),
(16, 2, 10, 66, 1, 'A'),
(16, 2, 10, 67, 1, 'B'),
(16, 2, 11, 68, 1, 'A'),
(16, 2, 11, 69, 1, 'B'),
(2, 3, 5, 70, 1, 'B'),
(2, 3, 6, 71, 1, 'A'),
(2, 3, 6, 72, 1, 'B'),
(2, 3, 7, 73, 1, 'A'),
(2, 3, 7, 74, 1, 'B'),
(2, 3, 8, 75, 1, 'A'),
(17, 3, 9, 76, 1, 'A'),
(17, 3, 9, 77, 1, 'B'),
(17, 3, 10, 78, 1, 'A'),
(17, 3, 10, 79, 1, 'B'),
(17, 3, 11, 80, 1, 'A'),
(3, 4, 5, 81, 1, 'B'),
(3, 4, 6, 82, 1, 'A'),
(3, 4, 6, 83, 1, 'B'),
(3, 4, 7, 84, 1, 'A'),
(3, 4, 7, 85, 1, 'B'),
(3, 4, 8, 86, 1, 'A'),
(18, 4, 9, 87, 1, 'A'),
(18, 4, 9, 88, 1, 'B'),
(18, 4, 10, 89, 1, 'A'),
(18, 4, 10, 90, 1, 'B'),
(18, 4, 11, 91, 1, 'A'),
(18, 4, 11, 92, 1, 'B'),
(4, 5, 5, 93, 1, 'B'),
(4, 5, 6, 94, 1, 'A'),
(4, 5, 6, 95, 1, 'B'),
(4, 5, 7, 96, 1, 'A'),
(4, 5, 7, 97, 1, 'B'),
(4, 5, 8, 98, 1, 'A'),
(19, 5, 8, 99, 1, 'B'),
(19, 5, 9, 100, 1, 'A'),
(19, 5, 9, 101, 1, 'B'),
(19, 5, 10, 102, 1, 'A'),
(19, 5, 10, 103, 1, 'B'),
(19, 5, 11, 104, 1, 'A'),
(19, 5, 11, 105, 1, 'B'),
(5, 6, 9, 106, 1, 'B'),
(5, 6, 10, 107, 1, 'A'),
(5, 6, 10, 108, 1, 'B'),
(5, 6, 11, 109, 1, 'A'),
(5, 6, 11, 110, 1, 'B'),
(6, 7, 5, 111, 1, 'B'),
(6, 7, 6, 112, 1, 'A'),
(6, 7, 6, 113, 1, 'B'),
(6, 7, 7, 114, 1, 'A'),
(6, 7, 7, 115, 1, 'B'),
(6, 7, 8, 116, 1, 'A'),
(20, 7, 9, 117, 1, 'A'),
(20, 7, 9, 118, 1, 'B'),
(20, 7, 10, 119, 1, 'A'),
(20, 7, 10, 120, 1, 'B'),
(20, 7, 11, 121, 1, 'A'),
(20, 7, 11, 122, 1, 'B'),
(7, 8, 5, 123, 1, 'A'),
(7, 8, 5, 124, 1, 'B'),
(7, 8, 6, 125, 1, 'B'),
(7, 8, 7, 126, 1, 'A'),
(7, 8, 7, 127, 1, 'B'),
(7, 8, 8, 128, 1, 'A'),
(21, 8, 9, 129, 1, 'A'),
(21, 8, 9, 130, 1, 'B'),
(21, 8, 10, 131, 1, 'A'),
(21, 8, 10, 132, 1, 'B'),
(21, 8, 11, 133, 1, 'A'),
(21, 8, 11, 134, 1, 'B'),
(8, 9, 8, 135, 1, 'B'),
(8, 9, 9, 136, 1, 'A'),
(8, 9, 9, 137, 1, 'B'),
(22, 9, 10, 138, 1, 'B'),
(22, 9, 11, 139, 1, 'A'),
(22, 9, 11, 140, 1, 'B'),
(4, 10, 6, 141, 1, 'B'),
(4, 10, 7, 142, 1, 'A'),
(4, 10, 7, 143, 1, 'B'),
(4, 10, 8, 144, 1, 'A'),
(4, 10, 8, 145, 1, 'B'),
(19, 10, 9, 146, 1, 'B'),
(19, 10, 10, 147, 1, 'A'),
(19, 10, 10, 148, 1, 'B'),
(19, 10, 11, 149, 1, 'A'),
(19, 10, 11, 150, 1, 'B'),
(23, 11, 7, 151, 1, 'B'),
(23, 11, 8, 152, 1, 'A'),
(23, 11, 8, 153, 1, 'B'),
(23, 11, 9, 154, 1, 'A'),
(23, 12, 7, 155, 1, 'B'),
(23, 12, 8, 156, 1, 'A'),
(23, 12, 8, 157, 1, 'B'),
(23, 12, 9, 158, 1, 'A'),
(11, 11, 10, 159, 1, 'A'),
(11, 11, 10, 160, 1, 'B'),
(11, 11, 11, 161, 1, 'A'),
(11, 11, 11, 162, 1, 'B'),
(11, 12, 10, 163, 1, 'A'),
(11, 12, 10, 164, 1, 'B'),
(11, 12, 11, 165, 1, 'A'),
(11, 12, 11, 166, 1, 'B'),
(9, 13, 5, 167, 1, 'A'),
(9, 13, 5, 168, 1, 'B'),
(10, 14, 7, 169, 1, 'B'),
(10, 14, 8, 170, 1, 'A'),
(10, 14, 8, 171, 1, 'B'),
(10, 14, 9, 172, 1, 'A'),
(24, 14, 10, 173, 1, 'A'),
(24, 14, 10, 174, 1, 'B'),
(24, 14, 11, 175, 1, 'A'),
(24, 14, 11, 176, 1, 'B'),
(12, 15, 8, 177, 1, 'B'),
(12, 15, 9, 178, 1, 'A'),
(12, 15, 9, 179, 1, 'B'),
(25, 15, 10, 180, 1, 'B'),
(25, 15, 11, 181, 1, 'B'),
(13, 16, 5, 182, 1, 'B'),
(13, 16, 6, 183, 1, 'A'),
(13, 16, 6, 184, 1, 'B'),
(13, 16, 7, 185, 1, 'A'),
(13, 16, 7, 186, 1, 'B'),
(14, 17, 5, 187, 1, 'A'),
(14, 17, 5, 188, 1, 'B'),
(14, 17, 6, 189, 1, 'A'),
(25, 15, 11, 190, 1, 'A'),
(14, 17, 7, 191, 1, 'A'),
(15, 18, 5, 192, 1, 'B'),
(15, 18, 6, 193, 1, 'A'),
(15, 18, 6, 194, 1, 'A'),
(15, 18, 7, 195, 1, 'B'),
(15, 18, 7, 196, 1, 'A'),
(14, 17, 6, 197, 1, 'B'),
(1, 1, 11, 198, 1, 'A');

CREATE TABLE IF NOT EXISTS `timetable` (
  `id_timetable` int(2) NOT NULL AUTO_INCREMENT,
  `id_club` int(2) NOT NULL,
  `Day_week` varchar(50) NOT NULL,
  `Time` time NOT NULL,
  PRIMARY KEY (`id_timetable`),
  KEY `id_timetable` (`id_timetable`),
  KEY `id_club` (`id_club`),
  KEY `Day_week` (`Day_week`),
  KEY `Time` (`Time`)
);


INSERT INTO `timetable` (`id_timetable`, `id_club`, `Day_week`, `Time`) VALUES
(1, 1, 'Monday', '16:00:00'),
(2, 1, 'Wednesday', '16:00:00'),
(3, 2, 'Tuesday', '18:00:00'),
(4, 2, 'Thursday', '18:00:00'),
(5, 4, 'Friday', '18:00:00'),
(6, 4, 'Wednesday', '18:00:00'),
(7, 6, 'Tuesday', '16:00:00'),
(8, 6, 'Thursday', '16:00:00'),
(9, 3, 'Friday', '16:00:00'),
(10, 3, 'Monday', '15:00:00'),
(11, 8, 'Monday', '18:00:00'),
(12, 8, 'Wednesday', '18:00:00'),
(13, 7, 'Tuesday', '15:00:00'),
(14, 7, 'Thursday', '15:00:00'),
(15, 5, 'Friday', '18:00:00'),
(16, 5, 'Monday', '18:00:00'),
(17, 5, 'Wednesday', '19:00:00');

